{
  "aggregate_score": 0.17817248404026031,
  "ptm": 0.8908624053001404,
  "iptm": 0.0,
  "per_chain_ptm": 0.8908624053001404,
  "per_chain_pair_iptm": 0.8908624053001404,
  "has_inter_chain_clashes": false,
  "chain_chain_clashes": 0
}