{
  "aggregate_score": 0.1781187653541565,
  "ptm": 0.8905938267707825,
  "iptm": 0.0,
  "per_chain_ptm": 0.8905938267707825,
  "per_chain_pair_iptm": 0.8905938267707825,
  "has_inter_chain_clashes": false,
  "chain_chain_clashes": 0
}