{
    "plddt": 88.60987091064453,
    "gpde": 0.5098367929458618,
    "ptm": 0.7526353597640991,
    "iptm": 0.0,
    "chain_gpde": [
        0.5098367929458618
    ],
    "chain_pair_gpde": [
        [
            0.0
        ]
    ],
    "chain_ptm": [
        0.7526353597640991
    ],
    "chain_iptm": [
        0.0
    ],
    "chain_pair_iptm": [
        [
            0.0
        ]
    ],
    "chain_pair_iptm_global": [
        [
            0.0
        ]
    ],
    "chain_plddt": [
        0.8860987424850464
    ],
    "chain_pair_plddt": [
        [
            0.0
        ]
    ],
    "has_clash": false,
    "disorder": 0.0,
    "ranking_score": 0.15052707493305206,
    "num_recycles": 10
}