{
    "plddt": 88.80390167236328,
    "gpde": 0.5082579255104065,
    "ptm": 0.759294867515564,
    "iptm": 0.0,
    "chain_gpde": [
        0.5082579255104065
    ],
    "chain_pair_gpde": [
        [
            0.0
        ]
    ],
    "chain_ptm": [
        0.759294867515564
    ],
    "chain_iptm": [
        0.0
    ],
    "chain_pair_iptm": [
        [
            0.0
        ]
    ],
    "chain_pair_iptm_global": [
        [
            0.0
        ]
    ],
    "chain_plddt": [
        0.8880390524864197
    ],
    "chain_pair_plddt": [
        [
            0.0
        ]
    ],
    "has_clash": false,
    "disorder": 0.0,
    "ranking_score": 0.15185897052288055,
    "num_recycles": 10
}