{
    "plddt": 87.48800659179688,
    "gpde": 0.5281508564949036,
    "ptm": 0.6635043621063232,
    "iptm": 0.0,
    "chain_gpde": [
        0.5281508564949036
    ],
    "chain_pair_gpde": [
        [
            0.0
        ]
    ],
    "chain_ptm": [
        0.6635043621063232
    ],
    "chain_iptm": [
        0.0
    ],
    "chain_pair_iptm": [
        [
            0.0
        ]
    ],
    "chain_pair_iptm_global": [
        [
            0.0
        ]
    ],
    "chain_plddt": [
        0.8748800754547119
    ],
    "chain_pair_plddt": [
        [
            0.0
        ]
    ],
    "has_clash": false,
    "disorder": 0.0,
    "ranking_score": 0.1327008754014969,
    "num_recycles": 10
}