{
    "plddt": 88.73003387451172,
    "gpde": 0.5051443576812744,
    "ptm": 0.7600343823432922,
    "iptm": 0.0,
    "chain_gpde": [
        0.5051443576812744
    ],
    "chain_pair_gpde": [
        [
            0.0
        ]
    ],
    "chain_ptm": [
        0.7600343823432922
    ],
    "chain_iptm": [
        0.0
    ],
    "chain_pair_iptm": [
        [
            0.0
        ]
    ],
    "chain_pair_iptm_global": [
        [
            0.0
        ]
    ],
    "chain_plddt": [
        0.8873003721237183
    ],
    "chain_pair_plddt": [
        [
            0.0
        ]
    ],
    "has_clash": false,
    "disorder": 0.0,
    "ranking_score": 0.15200687944889069,
    "num_recycles": 10
}