{
    "plddt": 88.81698608398438,
    "gpde": 0.5049068927764893,
    "ptm": 0.7555505037307739,
    "iptm": 0.0,
    "chain_gpde": [
        0.5049068927764893
    ],
    "chain_pair_gpde": [
        [
            0.0
        ]
    ],
    "chain_ptm": [
        0.7555505037307739
    ],
    "chain_iptm": [
        0.0
    ],
    "chain_pair_iptm": [
        [
            0.0
        ]
    ],
    "chain_pair_iptm_global": [
        [
            0.0
        ]
    ],
    "chain_plddt": [
        0.8881698846817017
    ],
    "chain_pair_plddt": [
        [
            0.0
        ]
    ],
    "has_clash": false,
    "disorder": 0.0,
    "ranking_score": 0.15111009776592255,
    "num_recycles": 10
}