{
    "plddt": 92.57821655273438,
    "gpde": 0.3794134259223938,
    "ptm": 0.8859211802482605,
    "iptm": 0.0,
    "chain_gpde": [
        0.3794134259223938
    ],
    "chain_pair_gpde": [
        [
            0.0
        ]
    ],
    "chain_ptm": [
        0.8859211802482605
    ],
    "chain_iptm": [
        0.0
    ],
    "chain_pair_iptm": [
        [
            0.0
        ]
    ],
    "chain_pair_iptm_global": [
        [
            0.0
        ]
    ],
    "chain_plddt": [
        0.9257822036743164
    ],
    "chain_pair_plddt": [
        [
            0.0
        ]
    ],
    "has_clash": false,
    "disorder": 0.0,
    "ranking_score": 0.17718423902988434,
    "num_recycles": 10
}