{
    "plddt": 92.55413818359375,
    "gpde": 0.3803413510322571,
    "ptm": 0.8844586610794067,
    "iptm": 0.0,
    "chain_gpde": [
        0.3803413510322571
    ],
    "chain_pair_gpde": [
        [
            0.0
        ]
    ],
    "chain_ptm": [
        0.8844586610794067
    ],
    "chain_iptm": [
        0.0
    ],
    "chain_pair_iptm": [
        [
            0.0
        ]
    ],
    "chain_pair_iptm_global": [
        [
            0.0
        ]
    ],
    "chain_plddt": [
        0.9255414009094238
    ],
    "chain_pair_plddt": [
        [
            0.0
        ]
    ],
    "has_clash": false,
    "disorder": 0.0,
    "ranking_score": 0.1768917292356491,
    "num_recycles": 10
}