{
    "plddt": 92.57523345947266,
    "gpde": 0.37936580181121826,
    "ptm": 0.8849683403968811,
    "iptm": 0.0,
    "chain_gpde": [
        0.37936580181121826
    ],
    "chain_pair_gpde": [
        [
            0.0
        ]
    ],
    "chain_ptm": [
        0.8849683403968811
    ],
    "chain_iptm": [
        0.0
    ],
    "chain_pair_iptm": [
        [
            0.0
        ]
    ],
    "chain_pair_iptm_global": [
        [
            0.0
        ]
    ],
    "chain_plddt": [
        0.9257523417472839
    ],
    "chain_pair_plddt": [
        [
            0.0
        ]
    ],
    "has_clash": false,
    "disorder": 0.0,
    "ranking_score": 0.17699366807937622,
    "num_recycles": 10
}