{
    "plddt": 92.70689392089844,
    "gpde": 0.37596142292022705,
    "ptm": 0.8909289240837097,
    "iptm": 0.0,
    "chain_gpde": [
        0.37596142292022705
    ],
    "chain_pair_gpde": [
        [
            0.0
        ]
    ],
    "chain_ptm": [
        0.8909289240837097
    ],
    "chain_iptm": [
        0.0
    ],
    "chain_pair_iptm": [
        [
            0.0
        ]
    ],
    "chain_pair_iptm_global": [
        [
            0.0
        ]
    ],
    "chain_plddt": [
        0.9270689487457275
    ],
    "chain_pair_plddt": [
        [
            0.0
        ]
    ],
    "has_clash": false,
    "disorder": 0.0,
    "ranking_score": 0.17818579077720642,
    "num_recycles": 10
}