{
    "plddt": 92.7345962524414,
    "gpde": 0.3660210967063904,
    "ptm": 0.9641332626342773,
    "iptm": 0.0,
    "chain_gpde": [
        0.3660210967063904
    ],
    "chain_pair_gpde": [
        [
            0.0
        ]
    ],
    "chain_ptm": [
        0.9641332626342773
    ],
    "chain_iptm": [
        0.0
    ],
    "chain_pair_iptm": [
        [
            0.0
        ]
    ],
    "chain_pair_iptm_global": [
        [
            0.0
        ]
    ],
    "chain_plddt": [
        0.9273459911346436
    ],
    "chain_pair_plddt": [
        [
            0.0
        ]
    ],
    "has_clash": false,
    "disorder": 0.0,
    "ranking_score": 0.19282665848731995,
    "num_recycles": 10
}