{
    "plddt": 92.7377700805664,
    "gpde": 0.36485764384269714,
    "ptm": 0.9640361666679382,
    "iptm": 0.0,
    "chain_gpde": [
        0.36485764384269714
    ],
    "chain_pair_gpde": [
        [
            0.0
        ]
    ],
    "chain_ptm": [
        0.9640361666679382
    ],
    "chain_iptm": [
        0.0
    ],
    "chain_pair_iptm": [
        [
            0.0
        ]
    ],
    "chain_pair_iptm_global": [
        [
            0.0
        ]
    ],
    "chain_plddt": [
        0.9273777008056641
    ],
    "chain_pair_plddt": [
        [
            0.0
        ]
    ],
    "has_clash": false,
    "disorder": 0.0,
    "ranking_score": 0.19280724227428436,
    "num_recycles": 10
}