{
  "aggregate_score": 0.14781790971755981,
  "ptm": 0.7390895485877991,
  "iptm": 0.0,
  "per_chain_ptm": 0.7390895485877991,
  "per_chain_pair_iptm": 0.7390895485877991,
  "has_inter_chain_clashes": false,
  "chain_chain_clashes": 0
}