{
  "aggregate_score": 0.14897194504737854,
  "ptm": 0.7448596954345703,
  "iptm": 0.0,
  "per_chain_ptm": 0.7448596954345703,
  "per_chain_pair_iptm": 0.7448596954345703,
  "has_inter_chain_clashes": false,
  "chain_chain_clashes": 0
}