{
  "aggregate_score": 0.14845705032348633,
  "ptm": 0.7422852516174316,
  "iptm": 0.0,
  "per_chain_ptm": 0.7422852516174316,
  "per_chain_pair_iptm": 0.7422852516174316,
  "has_inter_chain_clashes": false,
  "chain_chain_clashes": 0
}