{
  "aggregate_score": 0.14895658195018768,
  "ptm": 0.7447828650474548,
  "iptm": 0.0,
  "per_chain_ptm": 0.7447828650474548,
  "per_chain_pair_iptm": 0.7447828650474548,
  "has_inter_chain_clashes": false,
  "chain_chain_clashes": 0
}