{
  "aggregate_score": 0.14863194525241852,
  "ptm": 0.7431597113609314,
  "iptm": 0.0,
  "per_chain_ptm": 0.7431597113609314,
  "per_chain_pair_iptm": 0.7431597113609314,
  "has_inter_chain_clashes": false,
  "chain_chain_clashes": 0
}