{
    "plddt": 92.10860443115234,
    "gpde": 0.4521847665309906,
    "ptm": 0.9373455047607422,
    "iptm": 0.0,
    "chain_gpde": [
        0.4521847665309906
    ],
    "chain_pair_gpde": [
        [
            0.0
        ]
    ],
    "chain_ptm": [
        0.9373455047607422
    ],
    "chain_iptm": [
        0.0
    ],
    "chain_pair_iptm": [
        [
            0.0
        ]
    ],
    "chain_pair_iptm_global": [
        [
            0.0
        ]
    ],
    "chain_plddt": [
        0.9210860133171082
    ],
    "chain_pair_plddt": [
        [
            0.0
        ]
    ],
    "has_clash": false,
    "disorder": 0.0,
    "ranking_score": 0.18746910989284515,
    "num_recycles": 10
}