{
    "confidence_score": 0.911014199256897,
    "ptm": 0.813125729560852,
    "iptm": 0.0,
    "ligand_iptm": 0.0,
    "protein_iptm": 0.0,
    "complex_plddt": 0.9354862570762634,
    "complex_iplddt": 0.0,
    "complex_pde": 0.42571309208869934,
    "complex_ipde": 0.0,
    "chains_ptm": {
        "0": 0.813125729560852
    },
    "pair_chains_iptm": {
        "0": {
            "0": 0.813125729560852
        }
    }
}