{
    "confidence_score": 0.9351908564567566,
    "ptm": 0.9247178435325623,
    "iptm": 0.0,
    "ligand_iptm": 0.0,
    "protein_iptm": 0.0,
    "complex_plddt": 0.9378091096878052,
    "complex_iplddt": 0.0,
    "complex_pde": 0.3374764323234558,
    "complex_ipde": 0.0,
    "chains_ptm": {
        "0": 0.9247178435325623
    },
    "pair_chains_iptm": {
        "0": {
            "0": 0.9247178435325623
        }
    }
}