{
    "confidence_score": 0.9341489672660828,
    "ptm": 0.9243250489234924,
    "iptm": 0.0,
    "ligand_iptm": 0.0,
    "protein_iptm": 0.0,
    "complex_plddt": 0.9366049766540527,
    "complex_iplddt": 0.0,
    "complex_pde": 0.34052759408950806,
    "complex_ipde": 0.0,
    "chains_ptm": {
        "0": 0.9243250489234924
    },
    "pair_chains_iptm": {
        "0": {
            "0": 0.9243250489234924
        }
    }
}