{
    "confidence_score": 0.934516429901123,
    "ptm": 0.9245993494987488,
    "iptm": 0.0,
    "ligand_iptm": 0.0,
    "protein_iptm": 0.0,
    "complex_plddt": 0.9369956851005554,
    "complex_iplddt": 0.0,
    "complex_pde": 0.3405552804470062,
    "complex_ipde": 0.0,
    "chains_ptm": {
        "0": 0.9245993494987488
    },
    "pair_chains_iptm": {
        "0": {
            "0": 0.9245993494987488
        }
    }
}