{
    "plddt": 90.17460632324219,
    "gpde": 0.503933846950531,
    "ptm": 0.8243141770362854,
    "iptm": 0.0,
    "chain_gpde": [
        0.503933846950531
    ],
    "chain_pair_gpde": [
        [
            0.0
        ]
    ],
    "chain_ptm": [
        0.8243141770362854
    ],
    "chain_iptm": [
        0.0
    ],
    "chain_pair_iptm": [
        [
            0.0
        ]
    ],
    "chain_pair_iptm_global": [
        [
            0.0
        ]
    ],
    "chain_plddt": [
        0.9017460942268372
    ],
    "chain_pair_plddt": [
        [
            0.0
        ]
    ],
    "has_clash": false,
    "disorder": 0.0,
    "ranking_score": 0.16486284136772156,
    "num_recycles": 10
}