{
    "plddt": 90.01422119140625,
    "gpde": 0.5115931034088135,
    "ptm": 0.8230419158935547,
    "iptm": 0.0,
    "chain_gpde": [
        0.5115931034088135
    ],
    "chain_pair_gpde": [
        [
            0.0
        ]
    ],
    "chain_ptm": [
        0.8230419158935547
    ],
    "chain_iptm": [
        0.0
    ],
    "chain_pair_iptm": [
        [
            0.0
        ]
    ],
    "chain_pair_iptm_global": [
        [
            0.0
        ]
    ],
    "chain_plddt": [
        0.9001421928405762
    ],
    "chain_pair_plddt": [
        [
            0.0
        ]
    ],
    "has_clash": false,
    "disorder": 0.0,
    "ranking_score": 0.16460838913917542,
    "num_recycles": 10
}