{
    "plddt": 74.42047882080078,
    "gpde": 1.019162654876709,
    "ptm": 0.4955657422542572,
    "iptm": 0.0,
    "chain_gpde": [
        1.019162654876709
    ],
    "chain_pair_gpde": [
        [
            0.0
        ]
    ],
    "chain_ptm": [
        0.4955657422542572
    ],
    "chain_iptm": [
        0.0
    ],
    "chain_pair_iptm": [
        [
            0.0
        ]
    ],
    "chain_pair_iptm_global": [
        [
            0.0
        ]
    ],
    "chain_plddt": [
        0.7442048192024231
    ],
    "chain_pair_plddt": [
        [
            0.0
        ]
    ],
    "has_clash": false,
    "disorder": 0.0,
    "ranking_score": 0.09911315143108368,
    "num_recycles": 10
}