{
    "confidence_score": 0.9431185722351074,
    "ptm": 0.9449753165245056,
    "iptm": 0.0,
    "ligand_iptm": 0.0,
    "protein_iptm": 0.0,
    "complex_plddt": 0.9426544308662415,
    "complex_iplddt": 0.0,
    "complex_pde": 0.34409406781196594,
    "complex_ipde": 0.0,
    "chains_ptm": {
        "0": 0.9449753165245056
    },
    "pair_chains_iptm": {
        "0": {
            "0": 0.9449753165245056
        }
    }
}