{
    "confidence_score": 0.9428237080574036,
    "ptm": 0.9473149180412292,
    "iptm": 0.0,
    "ligand_iptm": 0.0,
    "protein_iptm": 0.0,
    "complex_plddt": 0.9417009353637695,
    "complex_iplddt": 0.0,
    "complex_pde": 0.3381727337837219,
    "complex_ipde": 0.0,
    "chains_ptm": {
        "0": 0.9473149180412292
    },
    "pair_chains_iptm": {
        "0": {
            "0": 0.9473149180412292
        }
    }
}