{
    "plddt": 82.12983703613281,
    "gpde": 0.7918894290924072,
    "ptm": 0.7434590458869934,
    "iptm": 0.0,
    "chain_gpde": [
        0.7918894290924072
    ],
    "chain_pair_gpde": [
        [
            0.0
        ]
    ],
    "chain_ptm": [
        0.7434590458869934
    ],
    "chain_iptm": [
        0.0
    ],
    "chain_pair_iptm": [
        [
            0.0
        ]
    ],
    "chain_pair_iptm_global": [
        [
            0.0
        ]
    ],
    "chain_plddt": [
        0.821298360824585
    ],
    "chain_pair_plddt": [
        [
            0.0
        ]
    ],
    "has_clash": false,
    "disorder": 0.0,
    "ranking_score": 0.1486918181180954,
    "num_recycles": 10
}