{
    "plddt": 81.7060546875,
    "gpde": 0.809112548828125,
    "ptm": 0.7350515127182007,
    "iptm": 0.0,
    "chain_gpde": [
        0.809112548828125
    ],
    "chain_pair_gpde": [
        [
            0.0
        ]
    ],
    "chain_ptm": [
        0.7350515127182007
    ],
    "chain_iptm": [
        0.0
    ],
    "chain_pair_iptm": [
        [
            0.0
        ]
    ],
    "chain_pair_iptm_global": [
        [
            0.0
        ]
    ],
    "chain_plddt": [
        0.8170605301856995
    ],
    "chain_pair_plddt": [
        [
            0.0
        ]
    ],
    "has_clash": false,
    "disorder": 0.0,
    "ranking_score": 0.14701031148433685,
    "num_recycles": 10
}