{
    "plddt": 84.28236389160156,
    "gpde": 0.6221020221710205,
    "ptm": 0.6237961053848267,
    "iptm": 0.0,
    "chain_gpde": [
        0.6221020221710205
    ],
    "chain_pair_gpde": [
        [
            0.0
        ]
    ],
    "chain_ptm": [
        0.6237961053848267
    ],
    "chain_iptm": [
        0.0
    ],
    "chain_pair_iptm": [
        [
            0.0
        ]
    ],
    "chain_pair_iptm_global": [
        [
            0.0
        ]
    ],
    "chain_plddt": [
        0.8428236246109009
    ],
    "chain_pair_plddt": [
        [
            0.0
        ]
    ],
    "has_clash": false,
    "disorder": 0.0,
    "ranking_score": 0.12475921958684921,
    "num_recycles": 10
}