{
    "plddt": 84.40780639648438,
    "gpde": 0.612347424030304,
    "ptm": 0.6225924491882324,
    "iptm": 0.0,
    "chain_gpde": [
        0.612347424030304
    ],
    "chain_pair_gpde": [
        [
            0.0
        ]
    ],
    "chain_ptm": [
        0.6225924491882324
    ],
    "chain_iptm": [
        0.0
    ],
    "chain_pair_iptm": [
        [
            0.0
        ]
    ],
    "chain_pair_iptm_global": [
        [
            0.0
        ]
    ],
    "chain_plddt": [
        0.8440780639648438
    ],
    "chain_pair_plddt": [
        [
            0.0
        ]
    ],
    "has_clash": false,
    "disorder": 0.0,
    "ranking_score": 0.1245184913277626,
    "num_recycles": 10
}