{
    "plddt": 84.55504608154297,
    "gpde": 0.6085087060928345,
    "ptm": 0.6406707763671875,
    "iptm": 0.0,
    "chain_gpde": [
        0.6085087060928345
    ],
    "chain_pair_gpde": [
        [
            0.0
        ]
    ],
    "chain_ptm": [
        0.6406707763671875
    ],
    "chain_iptm": [
        0.0
    ],
    "chain_pair_iptm": [
        [
            0.0
        ]
    ],
    "chain_pair_iptm_global": [
        [
            0.0
        ]
    ],
    "chain_plddt": [
        0.8455504775047302
    ],
    "chain_pair_plddt": [
        [
            0.0
        ]
    ],
    "has_clash": false,
    "disorder": 0.0,
    "ranking_score": 0.12813416123390198,
    "num_recycles": 10
}