{
    "plddt": 84.35376739501953,
    "gpde": 0.6163868308067322,
    "ptm": 0.6310023069381714,
    "iptm": 0.0,
    "chain_gpde": [
        0.6163868308067322
    ],
    "chain_pair_gpde": [
        [
            0.0
        ]
    ],
    "chain_ptm": [
        0.6310023069381714
    ],
    "chain_iptm": [
        0.0
    ],
    "chain_pair_iptm": [
        [
            0.0
        ]
    ],
    "chain_pair_iptm_global": [
        [
            0.0
        ]
    ],
    "chain_plddt": [
        0.8435376882553101
    ],
    "chain_pair_plddt": [
        [
            0.0
        ]
    ],
    "has_clash": false,
    "disorder": 0.0,
    "ranking_score": 0.12620046734809875,
    "num_recycles": 10
}