{
  "aggregate_score": 0.15573923289775848,
  "ptm": 0.7786961197853088,
  "iptm": 0.0,
  "per_chain_ptm": 0.7786961197853088,
  "per_chain_pair_iptm": 0.7786961197853088,
  "has_inter_chain_clashes": false,
  "chain_chain_clashes": 1
}