{
  "aggregate_score": 0.12411065399646759,
  "ptm": 0.6205532550811768,
  "iptm": 0.0,
  "per_chain_ptm": 0.6205532550811768,
  "per_chain_pair_iptm": 0.6205532550811768,
  "has_inter_chain_clashes": false,
  "chain_chain_clashes": 0
}