{
    "confidence_score": 0.8513321876525879,
    "ptm": 0.876670777797699,
    "iptm": 0.0,
    "ligand_iptm": 0.0,
    "protein_iptm": 0.0,
    "complex_plddt": 0.8449975848197937,
    "complex_iplddt": 0.0,
    "complex_pde": 0.3683950901031494,
    "complex_ipde": 0.0,
    "chains_ptm": {
        "0": 0.876670777797699
    },
    "pair_chains_iptm": {
        "0": {
            "0": 0.876670777797699
        }
    }
}