{
    "confidence_score": 0.8518602252006531,
    "ptm": 0.878807008266449,
    "iptm": 0.0,
    "ligand_iptm": 0.0,
    "protein_iptm": 0.0,
    "complex_plddt": 0.8451235890388489,
    "complex_iplddt": 0.0,
    "complex_pde": 0.3656376302242279,
    "complex_ipde": 0.0,
    "chains_ptm": {
        "0": 0.878807008266449
    },
    "pair_chains_iptm": {
        "0": {
            "0": 0.878807008266449
        }
    }
}