{
    "confidence_score": 0.9256656765937805,
    "ptm": 0.9069323539733887,
    "iptm": 0.0,
    "ligand_iptm": 0.0,
    "protein_iptm": 0.0,
    "complex_plddt": 0.9303489327430725,
    "complex_iplddt": 0.0,
    "complex_pde": 0.38101834058761597,
    "complex_ipde": 0.0,
    "chains_ptm": {
        "0": 0.9069323539733887
    },
    "pair_chains_iptm": {
        "0": {
            "0": 0.9069323539733887
        }
    }
}