{
    "confidence_score": 0.9255616068840027,
    "ptm": 0.9064810872077942,
    "iptm": 0.0,
    "ligand_iptm": 0.0,
    "protein_iptm": 0.0,
    "complex_plddt": 0.9303317070007324,
    "complex_iplddt": 0.0,
    "complex_pde": 0.3864434063434601,
    "complex_ipde": 0.0,
    "chains_ptm": {
        "0": 0.9064810872077942
    },
    "pair_chains_iptm": {
        "0": {
            "0": 0.9064810872077942
        }
    }
}