{
    "plddt": 87.0671157836914,
    "gpde": 0.5534863471984863,
    "ptm": 0.7892122864723206,
    "iptm": 0.0,
    "chain_gpde": [
        0.5534863471984863
    ],
    "chain_pair_gpde": [
        [
            0.0
        ]
    ],
    "chain_ptm": [
        0.7892122864723206
    ],
    "chain_iptm": [
        0.0
    ],
    "chain_pair_iptm": [
        [
            0.0
        ]
    ],
    "chain_pair_iptm_global": [
        [
            0.0
        ]
    ],
    "chain_plddt": [
        0.8706711530685425
    ],
    "chain_pair_plddt": [
        [
            0.0
        ]
    ],
    "has_clash": false,
    "disorder": 0.0,
    "ranking_score": 0.1578424572944641,
    "num_recycles": 10
}