{
    "plddt": 87.21139526367188,
    "gpde": 0.5488114953041077,
    "ptm": 0.7932137846946716,
    "iptm": 0.0,
    "chain_gpde": [
        0.5488114953041077
    ],
    "chain_pair_gpde": [
        [
            0.0
        ]
    ],
    "chain_ptm": [
        0.7932137846946716
    ],
    "chain_iptm": [
        0.0
    ],
    "chain_pair_iptm": [
        [
            0.0
        ]
    ],
    "chain_pair_iptm_global": [
        [
            0.0
        ]
    ],
    "chain_plddt": [
        0.8721139430999756
    ],
    "chain_pair_plddt": [
        [
            0.0
        ]
    ],
    "has_clash": false,
    "disorder": 0.0,
    "ranking_score": 0.1586427539587021,
    "num_recycles": 10
}