{
    "plddt": 87.18571472167969,
    "gpde": 0.5515262484550476,
    "ptm": 0.7922845482826233,
    "iptm": 0.0,
    "chain_gpde": [
        0.5515262484550476
    ],
    "chain_pair_gpde": [
        [
            0.0
        ]
    ],
    "chain_ptm": [
        0.7922845482826233
    ],
    "chain_iptm": [
        0.0
    ],
    "chain_pair_iptm": [
        [
            0.0
        ]
    ],
    "chain_pair_iptm_global": [
        [
            0.0
        ]
    ],
    "chain_plddt": [
        0.8718571662902832
    ],
    "chain_pair_plddt": [
        [
            0.0
        ]
    ],
    "has_clash": false,
    "disorder": 0.0,
    "ranking_score": 0.15845690667629242,
    "num_recycles": 10
}