{
    "plddt": 87.05282592773438,
    "gpde": 0.5552956461906433,
    "ptm": 0.7886013388633728,
    "iptm": 0.0,
    "chain_gpde": [
        0.5552956461906433
    ],
    "chain_pair_gpde": [
        [
            0.0
        ]
    ],
    "chain_ptm": [
        0.7886013388633728
    ],
    "chain_iptm": [
        0.0
    ],
    "chain_pair_iptm": [
        [
            0.0
        ]
    ],
    "chain_pair_iptm_global": [
        [
            0.0
        ]
    ],
    "chain_plddt": [
        0.8705282211303711
    ],
    "chain_pair_plddt": [
        [
            0.0
        ]
    ],
    "has_clash": false,
    "disorder": 0.0,
    "ranking_score": 0.15772026777267456,
    "num_recycles": 10
}