{
    "plddt": 86.92340850830078,
    "gpde": 0.5710718035697937,
    "ptm": 0.7871778607368469,
    "iptm": 0.0,
    "chain_gpde": [
        0.5710718035697937
    ],
    "chain_pair_gpde": [
        [
            0.0
        ]
    ],
    "chain_ptm": [
        0.7871778607368469
    ],
    "chain_iptm": [
        0.0
    ],
    "chain_pair_iptm": [
        [
            0.0
        ]
    ],
    "chain_pair_iptm_global": [
        [
            0.0
        ]
    ],
    "chain_plddt": [
        0.8692340850830078
    ],
    "chain_pair_plddt": [
        [
            0.0
        ]
    ],
    "has_clash": false,
    "disorder": 0.0,
    "ranking_score": 0.1574355810880661,
    "num_recycles": 10
}