{
  "aggregate_score": 0.17611239850521088,
  "ptm": 0.8805620074272156,
  "iptm": 0.0,
  "per_chain_ptm": 0.8805620074272156,
  "per_chain_pair_iptm": 0.8805620074272156,
  "has_inter_chain_clashes": false,
  "chain_chain_clashes": 0
}