{
  "aggregate_score": 0.1758243888616562,
  "ptm": 0.8791218996047974,
  "iptm": 0.0,
  "per_chain_ptm": 0.8791218996047974,
  "per_chain_pair_iptm": 0.8791218996047974,
  "has_inter_chain_clashes": false,
  "chain_chain_clashes": 0
}