{
  "aggregate_score": 0.17813734710216522,
  "ptm": 0.8906866908073425,
  "iptm": 0.0,
  "per_chain_ptm": 0.8906866908073425,
  "per_chain_pair_iptm": 0.8906866908073425,
  "has_inter_chain_clashes": false,
  "chain_chain_clashes": 0
}