{
  "aggregate_score": 0.1779860556125641,
  "ptm": 0.889930248260498,
  "iptm": 0.0,
  "per_chain_ptm": 0.889930248260498,
  "per_chain_pair_iptm": 0.889930248260498,
  "has_inter_chain_clashes": false,
  "chain_chain_clashes": 0
}