{
    "confidence_score": 0.8259307742118835,
    "ptm": 0.7942562699317932,
    "iptm": 0.0,
    "ligand_iptm": 0.0,
    "protein_iptm": 0.0,
    "complex_plddt": 0.8338494300842285,
    "complex_iplddt": 0.0,
    "complex_pde": 0.5845842361450195,
    "complex_ipde": 0.0,
    "chains_ptm": {
        "0": 0.7942562699317932
    },
    "pair_chains_iptm": {
        "0": {
            "0": 0.7942562699317932
        }
    }
}