{
    "confidence_score": 0.8222187161445618,
    "ptm": 0.7971131801605225,
    "iptm": 0.0,
    "ligand_iptm": 0.0,
    "protein_iptm": 0.0,
    "complex_plddt": 0.8284950256347656,
    "complex_iplddt": 0.0,
    "complex_pde": 0.5662851333618164,
    "complex_ipde": 0.0,
    "chains_ptm": {
        "0": 0.7971131801605225
    },
    "pair_chains_iptm": {
        "0": {
            "0": 0.7971131801605225
        }
    }
}