{
    "confidence_score": 0.8196609616279602,
    "ptm": 0.7955729961395264,
    "iptm": 0.0,
    "ligand_iptm": 0.0,
    "protein_iptm": 0.0,
    "complex_plddt": 0.8256829977035522,
    "complex_iplddt": 0.0,
    "complex_pde": 0.5752590298652649,
    "complex_ipde": 0.0,
    "chains_ptm": {
        "0": 0.7955729961395264
    },
    "pair_chains_iptm": {
        "0": {
            "0": 0.7955729961395264
        }
    }
}