{
    "confidence_score": 0.907756507396698,
    "ptm": 0.9162200689315796,
    "iptm": 0.0,
    "ligand_iptm": 0.0,
    "protein_iptm": 0.0,
    "complex_plddt": 0.9056406617164612,
    "complex_iplddt": 0.0,
    "complex_pde": 0.40511399507522583,
    "complex_ipde": 0.0,
    "chains_ptm": {
        "0": 0.9162200689315796
    },
    "pair_chains_iptm": {
        "0": {
            "0": 0.9162200689315796
        }
    }
}