{
    "confidence_score": 0.910588264465332,
    "ptm": 0.9196945428848267,
    "iptm": 0.0,
    "ligand_iptm": 0.0,
    "protein_iptm": 0.0,
    "complex_plddt": 0.908311665058136,
    "complex_iplddt": 0.0,
    "complex_pde": 0.3955146074295044,
    "complex_ipde": 0.0,
    "chains_ptm": {
        "0": 0.9196945428848267
    },
    "pair_chains_iptm": {
        "0": {
            "0": 0.9196945428848267
        }
    }
}