{
    "confidence_score": 0.8529092073440552,
    "ptm": 0.8776612877845764,
    "iptm": 0.0,
    "ligand_iptm": 0.0,
    "protein_iptm": 0.0,
    "complex_plddt": 0.8467211723327637,
    "complex_iplddt": 0.0,
    "complex_pde": 0.3657112419605255,
    "complex_ipde": 0.0,
    "chains_ptm": {
        "0": 0.8776612877845764
    },
    "pair_chains_iptm": {
        "0": {
            "0": 0.8776612877845764
        }
    }
}