{
    "confidence_score": 0.853456974029541,
    "ptm": 0.8769723176956177,
    "iptm": 0.0,
    "ligand_iptm": 0.0,
    "protein_iptm": 0.0,
    "complex_plddt": 0.8475781679153442,
    "complex_iplddt": 0.0,
    "complex_pde": 0.365848571062088,
    "complex_ipde": 0.0,
    "chains_ptm": {
        "0": 0.8769723176956177
    },
    "pair_chains_iptm": {
        "0": {
            "0": 0.8769723176956177
        }
    }
}