{
    "confidence_score": 0.8864245414733887,
    "ptm": 0.8769137859344482,
    "iptm": 0.0,
    "ligand_iptm": 0.0,
    "protein_iptm": 0.0,
    "complex_plddt": 0.8888022303581238,
    "complex_iplddt": 0.0,
    "complex_pde": 0.6221475601196289,
    "complex_ipde": 0.0,
    "chains_ptm": {
        "0": 0.8769137859344482
    },
    "pair_chains_iptm": {
        "0": {
            "0": 0.8769137859344482
        }
    }
}