{
  "aggregate_score": 0.11880552023649216,
  "ptm": 0.594027578830719,
  "iptm": 0.0,
  "per_chain_ptm": 0.594027578830719,
  "per_chain_pair_iptm": 0.594027578830719,
  "has_inter_chain_clashes": false,
  "chain_chain_clashes": 0
}