{
  "aggregate_score": 0.11998162418603897,
  "ptm": 0.5999081134796143,
  "iptm": 0.0,
  "per_chain_ptm": 0.5999081134796143,
  "per_chain_pair_iptm": 0.5999081134796143,
  "has_inter_chain_clashes": false,
  "chain_chain_clashes": 0
}