{
  "aggregate_score": 0.13413141667842865,
  "ptm": 0.6706570386886597,
  "iptm": 0.0,
  "per_chain_ptm": 0.6706570386886597,
  "per_chain_pair_iptm": 0.6706570386886597,
  "has_inter_chain_clashes": false,
  "chain_chain_clashes": 0
}