{
  "aggregate_score": 0.13595174252986908,
  "ptm": 0.6797586679458618,
  "iptm": 0.0,
  "per_chain_ptm": 0.6797586679458618,
  "per_chain_pair_iptm": 0.6797586679458618,
  "has_inter_chain_clashes": false,
  "chain_chain_clashes": 0
}