{
  "aggregate_score": 0.13455873727798462,
  "ptm": 0.6727936863899231,
  "iptm": 0.0,
  "per_chain_ptm": 0.6727936863899231,
  "per_chain_pair_iptm": 0.6727936863899231,
  "has_inter_chain_clashes": false,
  "chain_chain_clashes": 0
}