{
    "confidence_score": 0.7869701385498047,
    "ptm": 0.5236526131629944,
    "iptm": 0.0,
    "ligand_iptm": 0.0,
    "protein_iptm": 0.0,
    "complex_plddt": 0.8527995347976685,
    "complex_iplddt": 0.0,
    "complex_pde": 1.0306181907653809,
    "complex_ipde": 0.0,
    "chains_ptm": {
        "0": 0.5236526131629944
    },
    "pair_chains_iptm": {
        "0": {
            "0": 0.5236526131629944
        }
    }
}