{
    "plddt": 92.43468475341797,
    "gpde": 0.37483593821525574,
    "ptm": 0.8576616644859314,
    "iptm": 0.0,
    "chain_gpde": [
        0.37483593821525574
    ],
    "chain_pair_gpde": [
        [
            0.0
        ]
    ],
    "chain_ptm": [
        0.8576616644859314
    ],
    "chain_iptm": [
        0.0
    ],
    "chain_pair_iptm": [
        [
            0.0
        ]
    ],
    "chain_pair_iptm_global": [
        [
            0.0
        ]
    ],
    "chain_plddt": [
        0.9243468642234802
    ],
    "chain_pair_plddt": [
        [
            0.0
        ]
    ],
    "has_clash": false,
    "disorder": 0.0,
    "ranking_score": 0.17153233289718628,
    "num_recycles": 10
}