{
  "aggregate_score": 0.15561731159687042,
  "ptm": 0.7780865430831909,
  "iptm": 0.0,
  "per_chain_ptm": 0.7780865430831909,
  "per_chain_pair_iptm": 0.7780865430831909,
  "has_inter_chain_clashes": false,
  "chain_chain_clashes": 0
}