{
  "aggregate_score": 0.1610705703496933,
  "ptm": 0.8053528070449829,
  "iptm": 0.0,
  "per_chain_ptm": 0.8053528070449829,
  "per_chain_pair_iptm": 0.8053528070449829,
  "has_inter_chain_clashes": false,
  "chain_chain_clashes": 0
}