{
  "aggregate_score": 0.1612701416015625,
  "ptm": 0.8063507080078125,
  "iptm": 0.0,
  "per_chain_ptm": 0.8063507080078125,
  "per_chain_pair_iptm": 0.8063507080078125,
  "has_inter_chain_clashes": false,
  "chain_chain_clashes": 0
}