{
    "plddt": 88.13565826416016,
    "gpde": 0.5191618800163269,
    "ptm": 0.5222650766372681,
    "iptm": 0.0,
    "chain_gpde": [
        0.5191618800163269
    ],
    "chain_pair_gpde": [
        [
            0.0
        ]
    ],
    "chain_ptm": [
        0.5222650766372681
    ],
    "chain_iptm": [
        0.0
    ],
    "chain_pair_iptm": [
        [
            0.0
        ]
    ],
    "chain_pair_iptm_global": [
        [
            0.0
        ]
    ],
    "chain_plddt": [
        0.8813565969467163
    ],
    "chain_pair_plddt": [
        [
            0.0
        ]
    ],
    "has_clash": false,
    "disorder": 0.0,
    "ranking_score": 0.10445301979780197,
    "num_recycles": 10
}