{
    "plddt": 88.90127563476562,
    "gpde": 0.5003467202186584,
    "ptm": 0.525755763053894,
    "iptm": 0.0,
    "chain_gpde": [
        0.5003467202186584
    ],
    "chain_pair_gpde": [
        [
            0.0
        ]
    ],
    "chain_ptm": [
        0.525755763053894
    ],
    "chain_iptm": [
        0.0
    ],
    "chain_pair_iptm": [
        [
            0.0
        ]
    ],
    "chain_pair_iptm_global": [
        [
            0.0
        ]
    ],
    "chain_plddt": [
        0.8890127539634705
    ],
    "chain_pair_plddt": [
        [
            0.0
        ]
    ],
    "has_clash": false,
    "disorder": 0.0,
    "ranking_score": 0.10515115410089493,
    "num_recycles": 10
}