{
    "plddt": 88.54578399658203,
    "gpde": 0.5290825963020325,
    "ptm": 0.5260784029960632,
    "iptm": 0.0,
    "chain_gpde": [
        0.5290825963020325
    ],
    "chain_pair_gpde": [
        [
            0.0
        ]
    ],
    "chain_ptm": [
        0.5260784029960632
    ],
    "chain_iptm": [
        0.0
    ],
    "chain_pair_iptm": [
        [
            0.0
        ]
    ],
    "chain_pair_iptm_global": [
        [
            0.0
        ]
    ],
    "chain_plddt": [
        0.8854578733444214
    ],
    "chain_pair_plddt": [
        [
            0.0
        ]
    ],
    "has_clash": false,
    "disorder": 0.0,
    "ranking_score": 0.10521568357944489,
    "num_recycles": 10
}