{
    "plddt": 88.5930404663086,
    "gpde": 0.5100722312927246,
    "ptm": 0.520278811454773,
    "iptm": 0.0,
    "chain_gpde": [
        0.5100722312927246
    ],
    "chain_pair_gpde": [
        [
            0.0
        ]
    ],
    "chain_ptm": [
        0.520278811454773
    ],
    "chain_iptm": [
        0.0
    ],
    "chain_pair_iptm": [
        [
            0.0
        ]
    ],
    "chain_pair_iptm_global": [
        [
            0.0
        ]
    ],
    "chain_plddt": [
        0.8859304189682007
    ],
    "chain_pair_plddt": [
        [
            0.0
        ]
    ],
    "has_clash": false,
    "disorder": 0.0,
    "ranking_score": 0.10405576229095459,
    "num_recycles": 10
}