{
  "aggregate_score": 0.175906702876091,
  "ptm": 0.8795334696769714,
  "iptm": 0.0,
  "per_chain_ptm": 0.8795334696769714,
  "per_chain_pair_iptm": 0.8795334696769714,
  "has_inter_chain_clashes": false,
  "chain_chain_clashes": 0
}