{
  "aggregate_score": 0.17583712935447693,
  "ptm": 0.8791856169700623,
  "iptm": 0.0,
  "per_chain_ptm": 0.8791856169700623,
  "per_chain_pair_iptm": 0.8791856169700623,
  "has_inter_chain_clashes": false,
  "chain_chain_clashes": 0
}