{
  "aggregate_score": 0.17590779066085815,
  "ptm": 0.8795389533042908,
  "iptm": 0.0,
  "per_chain_ptm": 0.8795389533042908,
  "per_chain_pair_iptm": 0.8795389533042908,
  "has_inter_chain_clashes": false,
  "chain_chain_clashes": 0
}