{
  "aggregate_score": 0.1757204830646515,
  "ptm": 0.8786023855209351,
  "iptm": 0.0,
  "per_chain_ptm": 0.8786023855209351,
  "per_chain_pair_iptm": 0.8786023855209351,
  "has_inter_chain_clashes": false,
  "chain_chain_clashes": 0
}