{
  "aggregate_score": 0.17586922645568848,
  "ptm": 0.8793461322784424,
  "iptm": 0.0,
  "per_chain_ptm": 0.8793461322784424,
  "per_chain_pair_iptm": 0.8793461322784424,
  "has_inter_chain_clashes": false,
  "chain_chain_clashes": 0
}