{
  "aggregate_score": 0.18203866481781006,
  "ptm": 0.9101933240890503,
  "iptm": 0.0,
  "per_chain_ptm": 0.9101933240890503,
  "per_chain_pair_iptm": 0.9101933240890503,
  "has_inter_chain_clashes": false,
  "chain_chain_clashes": 0
}