{
    "plddt": 88.53105926513672,
    "gpde": 0.4793975055217743,
    "ptm": 0.5620989799499512,
    "iptm": 0.0,
    "chain_gpde": [
        0.4793975055217743
    ],
    "chain_pair_gpde": [
        [
            0.0
        ]
    ],
    "chain_ptm": [
        0.5620989799499512
    ],
    "chain_iptm": [
        0.0
    ],
    "chain_pair_iptm": [
        [
            0.0
        ]
    ],
    "chain_pair_iptm_global": [
        [
            0.0
        ]
    ],
    "chain_plddt": [
        0.8853105902671814
    ],
    "chain_pair_plddt": [
        [
            0.0
        ]
    ],
    "has_clash": false,
    "disorder": 0.0,
    "ranking_score": 0.11241979897022247,
    "num_recycles": 10
}