{
    "plddt": 85.96434020996094,
    "gpde": 0.5169793367385864,
    "ptm": 0.6601943373680115,
    "iptm": 0.0,
    "chain_gpde": [
        0.5169793367385864
    ],
    "chain_pair_gpde": [
        [
            0.0
        ]
    ],
    "chain_ptm": [
        0.6601943373680115
    ],
    "chain_iptm": [
        0.0
    ],
    "chain_pair_iptm": [
        [
            0.0
        ]
    ],
    "chain_pair_iptm_global": [
        [
            0.0
        ]
    ],
    "chain_plddt": [
        0.8596433997154236
    ],
    "chain_pair_plddt": [
        [
            0.0
        ]
    ],
    "has_clash": false,
    "disorder": 0.0,
    "ranking_score": 0.132038876414299,
    "num_recycles": 10
}