{
    "plddt": 86.3647232055664,
    "gpde": 0.513503909111023,
    "ptm": 0.6849703788757324,
    "iptm": 0.0,
    "chain_gpde": [
        0.513503909111023
    ],
    "chain_pair_gpde": [
        [
            0.0
        ]
    ],
    "chain_ptm": [
        0.6849703788757324
    ],
    "chain_iptm": [
        0.0
    ],
    "chain_pair_iptm": [
        [
            0.0
        ]
    ],
    "chain_pair_iptm_global": [
        [
            0.0
        ]
    ],
    "chain_plddt": [
        0.8636472225189209
    ],
    "chain_pair_plddt": [
        [
            0.0
        ]
    ],
    "has_clash": false,
    "disorder": 0.0,
    "ranking_score": 0.13699407875537872,
    "num_recycles": 10
}