{
    "plddt": 84.91593933105469,
    "gpde": 0.5749293565750122,
    "ptm": 0.6025117635726929,
    "iptm": 0.0,
    "chain_gpde": [
        0.5749293565750122
    ],
    "chain_pair_gpde": [
        [
            0.0
        ]
    ],
    "chain_ptm": [
        0.6025117635726929
    ],
    "chain_iptm": [
        0.0
    ],
    "chain_pair_iptm": [
        [
            0.0
        ]
    ],
    "chain_pair_iptm_global": [
        [
            0.0
        ]
    ],
    "chain_plddt": [
        0.8491593599319458
    ],
    "chain_pair_plddt": [
        [
            0.0
        ]
    ],
    "has_clash": false,
    "disorder": 0.0,
    "ranking_score": 0.12050235271453857,
    "num_recycles": 10
}