{
  "aggregate_score": 0.15335197746753693,
  "ptm": 0.7667598724365234,
  "iptm": 0.0,
  "per_chain_ptm": 0.7667598724365234,
  "per_chain_pair_iptm": 0.7667598724365234,
  "has_inter_chain_clashes": false,
  "chain_chain_clashes": 0
}