{
  "aggregate_score": 0.1536136269569397,
  "ptm": 0.7680681347846985,
  "iptm": 0.0,
  "per_chain_ptm": 0.7680681347846985,
  "per_chain_pair_iptm": 0.7680681347846985,
  "has_inter_chain_clashes": false,
  "chain_chain_clashes": 0
}