{
  "aggregate_score": 0.15584196150302887,
  "ptm": 0.7792097926139832,
  "iptm": 0.0,
  "per_chain_ptm": 0.7792097926139832,
  "per_chain_pair_iptm": 0.7792097926139832,
  "has_inter_chain_clashes": false,
  "chain_chain_clashes": 0
}