{
  "aggregate_score": 0.15578481554985046,
  "ptm": 0.7789240479469299,
  "iptm": 0.0,
  "per_chain_ptm": 0.7789240479469299,
  "per_chain_pair_iptm": 0.7789240479469299,
  "has_inter_chain_clashes": false,
  "chain_chain_clashes": 0
}