{
  "aggregate_score": 0.16665643453598022,
  "ptm": 0.8332821726799011,
  "iptm": 0.0,
  "per_chain_ptm": 0.8332821726799011,
  "per_chain_pair_iptm": 0.8332821726799011,
  "has_inter_chain_clashes": false,
  "chain_chain_clashes": 1
}