{
    "plddt": 81.3240737915039,
    "gpde": 0.736940324306488,
    "ptm": 0.618547797203064,
    "iptm": 0.0,
    "chain_gpde": [
        0.736940324306488
    ],
    "chain_pair_gpde": [
        [
            0.0
        ]
    ],
    "chain_ptm": [
        0.618547797203064
    ],
    "chain_iptm": [
        0.0
    ],
    "chain_pair_iptm": [
        [
            0.0
        ]
    ],
    "chain_pair_iptm_global": [
        [
            0.0
        ]
    ],
    "chain_plddt": [
        0.8132407665252686
    ],
    "chain_pair_plddt": [
        [
            0.0
        ]
    ],
    "has_clash": false,
    "disorder": 0.0,
    "ranking_score": 0.12370955944061279,
    "num_recycles": 10
}