{
    "plddt": 81.79544067382812,
    "gpde": 0.7192912697792053,
    "ptm": 0.6392815709114075,
    "iptm": 0.0,
    "chain_gpde": [
        0.7192912697792053
    ],
    "chain_pair_gpde": [
        [
            0.0
        ]
    ],
    "chain_ptm": [
        0.6392815709114075
    ],
    "chain_iptm": [
        0.0
    ],
    "chain_pair_iptm": [
        [
            0.0
        ]
    ],
    "chain_pair_iptm_global": [
        [
            0.0
        ]
    ],
    "chain_plddt": [
        0.817954421043396
    ],
    "chain_pair_plddt": [
        [
            0.0
        ]
    ],
    "has_clash": false,
    "disorder": 0.0,
    "ranking_score": 0.1278563141822815,
    "num_recycles": 10
}