{
    "plddt": 81.80453491210938,
    "gpde": 0.7193163633346558,
    "ptm": 0.6419577598571777,
    "iptm": 0.0,
    "chain_gpde": [
        0.7193163633346558
    ],
    "chain_pair_gpde": [
        [
            0.0
        ]
    ],
    "chain_ptm": [
        0.6419577598571777
    ],
    "chain_iptm": [
        0.0
    ],
    "chain_pair_iptm": [
        [
            0.0
        ]
    ],
    "chain_pair_iptm_global": [
        [
            0.0
        ]
    ],
    "chain_plddt": [
        0.8180453181266785
    ],
    "chain_pair_plddt": [
        [
            0.0
        ]
    ],
    "has_clash": false,
    "disorder": 0.0,
    "ranking_score": 0.1283915489912033,
    "num_recycles": 10
}