{
    "plddt": 81.57238006591797,
    "gpde": 0.7302744388580322,
    "ptm": 0.6315576434135437,
    "iptm": 0.0,
    "chain_gpde": [
        0.7302744388580322
    ],
    "chain_pair_gpde": [
        [
            0.0
        ]
    ],
    "chain_ptm": [
        0.6315576434135437
    ],
    "chain_iptm": [
        0.0
    ],
    "chain_pair_iptm": [
        [
            0.0
        ]
    ],
    "chain_pair_iptm_global": [
        [
            0.0
        ]
    ],
    "chain_plddt": [
        0.8157237768173218
    ],
    "chain_pair_plddt": [
        [
            0.0
        ]
    ],
    "has_clash": false,
    "disorder": 0.0,
    "ranking_score": 0.1263115257024765,
    "num_recycles": 10
}