{
    "plddt": 86.52368927001953,
    "gpde": 0.5711201429367065,
    "ptm": 0.6389200091362,
    "iptm": 0.0,
    "chain_gpde": [
        0.5711201429367065
    ],
    "chain_pair_gpde": [
        [
            0.0
        ]
    ],
    "chain_ptm": [
        0.6389200091362
    ],
    "chain_iptm": [
        0.0
    ],
    "chain_pair_iptm": [
        [
            0.0
        ]
    ],
    "chain_pair_iptm_global": [
        [
            0.0
        ]
    ],
    "chain_plddt": [
        0.8652368783950806
    ],
    "chain_pair_plddt": [
        [
            0.0
        ]
    ],
    "has_clash": false,
    "disorder": 0.0,
    "ranking_score": 0.12778399884700775,
    "num_recycles": 10
}