{
    "plddt": 86.60492706298828,
    "gpde": 0.5711794495582581,
    "ptm": 0.6390549540519714,
    "iptm": 0.0,
    "chain_gpde": [
        0.5711794495582581
    ],
    "chain_pair_gpde": [
        [
            0.0
        ]
    ],
    "chain_ptm": [
        0.6390549540519714
    ],
    "chain_iptm": [
        0.0
    ],
    "chain_pair_iptm": [
        [
            0.0
        ]
    ],
    "chain_pair_iptm_global": [
        [
            0.0
        ]
    ],
    "chain_plddt": [
        0.8660492897033691
    ],
    "chain_pair_plddt": [
        [
            0.0
        ]
    ],
    "has_clash": false,
    "disorder": 0.0,
    "ranking_score": 0.127810999751091,
    "num_recycles": 10
}