{
    "plddt": 92.46994018554688,
    "gpde": 0.3836360275745392,
    "ptm": 0.939246416091919,
    "iptm": 0.0,
    "chain_gpde": [
        0.3836360275745392
    ],
    "chain_pair_gpde": [
        [
            0.0
        ]
    ],
    "chain_ptm": [
        0.939246416091919
    ],
    "chain_iptm": [
        0.0
    ],
    "chain_pair_iptm": [
        [
            0.0
        ]
    ],
    "chain_pair_iptm_global": [
        [
            0.0
        ]
    ],
    "chain_plddt": [
        0.9246993660926819
    ],
    "chain_pair_plddt": [
        [
            0.0
        ]
    ],
    "has_clash": false,
    "disorder": 0.0,
    "ranking_score": 0.1878492832183838,
    "num_recycles": 10
}