{
    "plddt": 92.42694091796875,
    "gpde": 0.3844270706176758,
    "ptm": 0.9395506381988525,
    "iptm": 0.0,
    "chain_gpde": [
        0.3844270706176758
    ],
    "chain_pair_gpde": [
        [
            0.0
        ]
    ],
    "chain_ptm": [
        0.9395506381988525
    ],
    "chain_iptm": [
        0.0
    ],
    "chain_pair_iptm": [
        [
            0.0
        ]
    ],
    "chain_pair_iptm_global": [
        [
            0.0
        ]
    ],
    "chain_plddt": [
        0.924269437789917
    ],
    "chain_pair_plddt": [
        [
            0.0
        ]
    ],
    "has_clash": false,
    "disorder": 0.0,
    "ranking_score": 0.18791012465953827,
    "num_recycles": 10
}