{
    "plddt": 92.53543853759766,
    "gpde": 0.3825325667858124,
    "ptm": 0.9400570392608643,
    "iptm": 0.0,
    "chain_gpde": [
        0.3825325667858124
    ],
    "chain_pair_gpde": [
        [
            0.0
        ]
    ],
    "chain_ptm": [
        0.9400570392608643
    ],
    "chain_iptm": [
        0.0
    ],
    "chain_pair_iptm": [
        [
            0.0
        ]
    ],
    "chain_pair_iptm_global": [
        [
            0.0
        ]
    ],
    "chain_plddt": [
        0.9253543615341187
    ],
    "chain_pair_plddt": [
        [
            0.0
        ]
    ],
    "has_clash": false,
    "disorder": 0.0,
    "ranking_score": 0.18801140785217285,
    "num_recycles": 10
}