{
    "plddt": 92.49913787841797,
    "gpde": 0.38177475333213806,
    "ptm": 0.9394406080245972,
    "iptm": 0.0,
    "chain_gpde": [
        0.38177475333213806
    ],
    "chain_pair_gpde": [
        [
            0.0
        ]
    ],
    "chain_ptm": [
        0.9394406080245972
    ],
    "chain_iptm": [
        0.0
    ],
    "chain_pair_iptm": [
        [
            0.0
        ]
    ],
    "chain_pair_iptm_global": [
        [
            0.0
        ]
    ],
    "chain_plddt": [
        0.9249913692474365
    ],
    "chain_pair_plddt": [
        [
            0.0
        ]
    ],
    "has_clash": false,
    "disorder": 0.0,
    "ranking_score": 0.18788813054561615,
    "num_recycles": 10
}