{
    "plddt": 92.5512924194336,
    "gpde": 0.3811631202697754,
    "ptm": 0.9400272369384766,
    "iptm": 0.0,
    "chain_gpde": [
        0.3811631202697754
    ],
    "chain_pair_gpde": [
        [
            0.0
        ]
    ],
    "chain_ptm": [
        0.9400272369384766
    ],
    "chain_iptm": [
        0.0
    ],
    "chain_pair_iptm": [
        [
            0.0
        ]
    ],
    "chain_pair_iptm_global": [
        [
            0.0
        ]
    ],
    "chain_plddt": [
        0.9255129098892212
    ],
    "chain_pair_plddt": [
        [
            0.0
        ]
    ],
    "has_clash": false,
    "disorder": 0.0,
    "ranking_score": 0.1880054473876953,
    "num_recycles": 10
}