{
    "confidence_score": 0.6454173922538757,
    "ptm": 0.37608084082603455,
    "iptm": 0.0,
    "ligand_iptm": 0.0,
    "protein_iptm": 0.0,
    "complex_plddt": 0.7127515077590942,
    "complex_iplddt": 0.0,
    "complex_pde": 2.0036697387695312,
    "complex_ipde": 0.0,
    "chains_ptm": {
        "0": 0.37608084082603455
    },
    "pair_chains_iptm": {
        "0": {
            "0": 0.37608084082603455
        }
    }
}