{
    "confidence_score": 0.6439923644065857,
    "ptm": 0.3720034956932068,
    "iptm": 0.0,
    "ligand_iptm": 0.0,
    "protein_iptm": 0.0,
    "complex_plddt": 0.7119895219802856,
    "complex_iplddt": 0.0,
    "complex_pde": 2.050920248031616,
    "complex_ipde": 0.0,
    "chains_ptm": {
        "0": 0.3720034956932068
    },
    "pair_chains_iptm": {
        "0": {
            "0": 0.3720034956932068
        }
    }
}