{
  "aggregate_score": 0.16061456501483917,
  "ptm": 0.8030728101730347,
  "iptm": 0.0,
  "per_chain_ptm": 0.8030728101730347,
  "per_chain_pair_iptm": 0.8030728101730347,
  "has_inter_chain_clashes": false,
  "chain_chain_clashes": 0
}