{
    "confidence_score": 0.8454405069351196,
    "ptm": 0.6897827386856079,
    "iptm": 0.0,
    "ligand_iptm": 0.0,
    "protein_iptm": 0.0,
    "complex_plddt": 0.8843548893928528,
    "complex_iplddt": 0.0,
    "complex_pde": 0.5663032531738281,
    "complex_ipde": 0.0,
    "chains_ptm": {
        "0": 0.6897827386856079
    },
    "pair_chains_iptm": {
        "0": {
            "0": 0.6897827386856079
        }
    }
}