{
    "plddt": 80.90827178955078,
    "gpde": 0.7968510985374451,
    "ptm": 0.5193519592285156,
    "iptm": 0.0,
    "chain_gpde": [
        0.7968510985374451
    ],
    "chain_pair_gpde": [
        [
            0.0
        ]
    ],
    "chain_ptm": [
        0.5193519592285156
    ],
    "chain_iptm": [
        0.0
    ],
    "chain_pair_iptm": [
        [
            0.0
        ]
    ],
    "chain_pair_iptm_global": [
        [
            0.0
        ]
    ],
    "chain_plddt": [
        0.8090826869010925
    ],
    "chain_pair_plddt": [
        [
            0.0
        ]
    ],
    "has_clash": false,
    "disorder": 0.0,
    "ranking_score": 0.10387039184570312,
    "num_recycles": 10
}