{
    "plddt": 80.68292999267578,
    "gpde": 0.8085291385650635,
    "ptm": 0.5331300497055054,
    "iptm": 0.0,
    "chain_gpde": [
        0.8085291385650635
    ],
    "chain_pair_gpde": [
        [
            0.0
        ]
    ],
    "chain_ptm": [
        0.5331300497055054
    ],
    "chain_iptm": [
        0.0
    ],
    "chain_pair_iptm": [
        [
            0.0
        ]
    ],
    "chain_pair_iptm_global": [
        [
            0.0
        ]
    ],
    "chain_plddt": [
        0.8068292737007141
    ],
    "chain_pair_plddt": [
        [
            0.0
        ]
    ],
    "has_clash": false,
    "disorder": 0.0,
    "ranking_score": 0.1066260114312172,
    "num_recycles": 10
}