{
  "aggregate_score": 0.18186751008033752,
  "ptm": 0.9093375205993652,
  "iptm": 0.0,
  "per_chain_ptm": 0.9093375205993652,
  "per_chain_pair_iptm": 0.9093375205993652,
  "has_inter_chain_clashes": false,
  "chain_chain_clashes": 0
}