{
  "aggregate_score": 0.1819155365228653,
  "ptm": 0.9095776677131653,
  "iptm": 0.0,
  "per_chain_ptm": 0.9095776677131653,
  "per_chain_pair_iptm": 0.9095776677131653,
  "has_inter_chain_clashes": false,
  "chain_chain_clashes": 0
}