{
  "aggregate_score": 0.1875007003545761,
  "ptm": 0.937503457069397,
  "iptm": 0.0,
  "per_chain_ptm": 0.937503457069397,
  "per_chain_pair_iptm": 0.937503457069397,
  "has_inter_chain_clashes": false,
  "chain_chain_clashes": 0
}