{
  "aggregate_score": 0.1875157207250595,
  "ptm": 0.937578558921814,
  "iptm": 0.0,
  "per_chain_ptm": 0.937578558921814,
  "per_chain_pair_iptm": 0.937578558921814,
  "has_inter_chain_clashes": false,
  "chain_chain_clashes": 0
}