{
  "aggregate_score": 0.18755647540092468,
  "ptm": 0.937782347202301,
  "iptm": 0.0,
  "per_chain_ptm": 0.937782347202301,
  "per_chain_pair_iptm": 0.937782347202301,
  "has_inter_chain_clashes": false,
  "chain_chain_clashes": 0
}