{
  "aggregate_score": 0.13576291501522064,
  "ptm": 0.6788145303726196,
  "iptm": 0.0,
  "per_chain_ptm": 0.6788145303726196,
  "per_chain_pair_iptm": 0.6788145303726196,
  "has_inter_chain_clashes": false,
  "chain_chain_clashes": 0
}