{
    "plddt": 89.9916000366211,
    "gpde": 0.40273451805114746,
    "ptm": 0.8623642325401306,
    "iptm": 0.0,
    "chain_gpde": [
        0.40273451805114746
    ],
    "chain_pair_gpde": [
        [
            0.0
        ]
    ],
    "chain_ptm": [
        0.8623642325401306
    ],
    "chain_iptm": [
        0.0
    ],
    "chain_pair_iptm": [
        [
            0.0
        ]
    ],
    "chain_pair_iptm_global": [
        [
            0.0
        ]
    ],
    "chain_plddt": [
        0.8999159932136536
    ],
    "chain_pair_plddt": [
        [
            0.0
        ]
    ],
    "has_clash": false,
    "disorder": 0.0,
    "ranking_score": 0.17247284948825836,
    "num_recycles": 10
}