{
    "plddt": 89.89895629882812,
    "gpde": 0.40550312399864197,
    "ptm": 0.8564643859863281,
    "iptm": 0.0,
    "chain_gpde": [
        0.40550312399864197
    ],
    "chain_pair_gpde": [
        [
            0.0
        ]
    ],
    "chain_ptm": [
        0.8564643859863281
    ],
    "chain_iptm": [
        0.0
    ],
    "chain_pair_iptm": [
        [
            0.0
        ]
    ],
    "chain_pair_iptm_global": [
        [
            0.0
        ]
    ],
    "chain_plddt": [
        0.8989895582199097
    ],
    "chain_pair_plddt": [
        [
            0.0
        ]
    ],
    "has_clash": false,
    "disorder": 0.0,
    "ranking_score": 0.17129288613796234,
    "num_recycles": 10
}