{
    "plddt": 90.04349517822266,
    "gpde": 0.4015972912311554,
    "ptm": 0.8564403057098389,
    "iptm": 0.0,
    "chain_gpde": [
        0.4015972912311554
    ],
    "chain_pair_gpde": [
        [
            0.0
        ]
    ],
    "chain_ptm": [
        0.8564403057098389
    ],
    "chain_iptm": [
        0.0
    ],
    "chain_pair_iptm": [
        [
            0.0
        ]
    ],
    "chain_pair_iptm_global": [
        [
            0.0
        ]
    ],
    "chain_plddt": [
        0.9004349708557129
    ],
    "chain_pair_plddt": [
        [
            0.0
        ]
    ],
    "has_clash": false,
    "disorder": 0.0,
    "ranking_score": 0.17128805816173553,
    "num_recycles": 10
}