{
    "plddt": 90.04104614257812,
    "gpde": 0.40273696184158325,
    "ptm": 0.858902096748352,
    "iptm": 0.0,
    "chain_gpde": [
        0.40273696184158325
    ],
    "chain_pair_gpde": [
        [
            0.0
        ]
    ],
    "chain_ptm": [
        0.858902096748352
    ],
    "chain_iptm": [
        0.0
    ],
    "chain_pair_iptm": [
        [
            0.0
        ]
    ],
    "chain_pair_iptm_global": [
        [
            0.0
        ]
    ],
    "chain_plddt": [
        0.9004104733467102
    ],
    "chain_pair_plddt": [
        [
            0.0
        ]
    ],
    "has_clash": false,
    "disorder": 0.0,
    "ranking_score": 0.17178042232990265,
    "num_recycles": 10
}