{
    "plddt": 89.95896911621094,
    "gpde": 0.40198105573654175,
    "ptm": 0.8611990809440613,
    "iptm": 0.0,
    "chain_gpde": [
        0.40198105573654175
    ],
    "chain_pair_gpde": [
        [
            0.0
        ]
    ],
    "chain_ptm": [
        0.8611990809440613
    ],
    "chain_iptm": [
        0.0
    ],
    "chain_pair_iptm": [
        [
            0.0
        ]
    ],
    "chain_pair_iptm_global": [
        [
            0.0
        ]
    ],
    "chain_plddt": [
        0.8995896577835083
    ],
    "chain_pair_plddt": [
        [
            0.0
        ]
    ],
    "has_clash": false,
    "disorder": 0.0,
    "ranking_score": 0.17223982512950897,
    "num_recycles": 10
}