{
    "plddt": 90.4449462890625,
    "gpde": 0.42407146096229553,
    "ptm": 0.9051682949066162,
    "iptm": 0.0,
    "chain_gpde": [
        0.42407146096229553
    ],
    "chain_pair_gpde": [
        [
            0.0
        ]
    ],
    "chain_ptm": [
        0.9051682949066162
    ],
    "chain_iptm": [
        0.0
    ],
    "chain_pair_iptm": [
        [
            0.0
        ]
    ],
    "chain_pair_iptm_global": [
        [
            0.0
        ]
    ],
    "chain_plddt": [
        0.904449462890625
    ],
    "chain_pair_plddt": [
        [
            0.0
        ]
    ],
    "has_clash": false,
    "disorder": 0.0,
    "ranking_score": 0.181033656001091,
    "num_recycles": 10
}