{
    "plddt": 89.93350982666016,
    "gpde": 0.4427731931209564,
    "ptm": 0.9218195080757141,
    "iptm": 0.0,
    "chain_gpde": [
        0.4427731931209564
    ],
    "chain_pair_gpde": [
        [
            0.0
        ]
    ],
    "chain_ptm": [
        0.9218195080757141
    ],
    "chain_iptm": [
        0.0
    ],
    "chain_pair_iptm": [
        [
            0.0
        ]
    ],
    "chain_pair_iptm_global": [
        [
            0.0
        ]
    ],
    "chain_plddt": [
        0.8993350863456726
    ],
    "chain_pair_plddt": [
        [
            0.0
        ]
    ],
    "has_clash": false,
    "disorder": 0.0,
    "ranking_score": 0.18436390161514282,
    "num_recycles": 10
}