{
  "aggregate_score": 0.18255357444286346,
  "ptm": 0.9127678871154785,
  "iptm": 0.0,
  "per_chain_ptm": 0.9127678871154785,
  "per_chain_pair_iptm": 0.9127678871154785,
  "has_inter_chain_clashes": false,
  "chain_chain_clashes": 0
}