{
    "plddt": 90.63831329345703,
    "gpde": 0.4131682515144348,
    "ptm": 0.907612681388855,
    "iptm": 0.0,
    "chain_gpde": [
        0.4131682515144348
    ],
    "chain_pair_gpde": [
        [
            0.0
        ]
    ],
    "chain_ptm": [
        0.907612681388855
    ],
    "chain_iptm": [
        0.0
    ],
    "chain_pair_iptm": [
        [
            0.0
        ]
    ],
    "chain_pair_iptm_global": [
        [
            0.0
        ]
    ],
    "chain_plddt": [
        0.9063830971717834
    ],
    "chain_pair_plddt": [
        [
            0.0
        ]
    ],
    "has_clash": false,
    "disorder": 0.0,
    "ranking_score": 0.18152253329753876,
    "num_recycles": 10
}