{
  "aggregate_score": 0.18188130855560303,
  "ptm": 0.9094065427780151,
  "iptm": 0.0,
  "per_chain_ptm": 0.9094065427780151,
  "per_chain_pair_iptm": 0.9094065427780151,
  "has_inter_chain_clashes": false,
  "chain_chain_clashes": 0
}