{
  "aggregate_score": 0.18190647661685944,
  "ptm": 0.909532368183136,
  "iptm": 0.0,
  "per_chain_ptm": 0.909532368183136,
  "per_chain_pair_iptm": 0.909532368183136,
  "has_inter_chain_clashes": false,
  "chain_chain_clashes": 0
}