{
  "aggregate_score": 0.18964217603206635,
  "ptm": 0.9482108354568481,
  "iptm": 0.0,
  "per_chain_ptm": 0.9482108354568481,
  "per_chain_pair_iptm": 0.9482108354568481,
  "has_inter_chain_clashes": false,
  "chain_chain_clashes": 0
}