{
  "aggregate_score": 0.18977127969264984,
  "ptm": 0.9488564133644104,
  "iptm": 0.0,
  "per_chain_ptm": 0.9488564133644104,
  "per_chain_pair_iptm": 0.9488564133644104,
  "has_inter_chain_clashes": false,
  "chain_chain_clashes": 0
}