{
  "aggregate_score": 0.1897943615913391,
  "ptm": 0.9489718079566956,
  "iptm": 0.0,
  "per_chain_ptm": 0.9489718079566956,
  "per_chain_pair_iptm": 0.9489718079566956,
  "has_inter_chain_clashes": false,
  "chain_chain_clashes": 0
}