{
  "aggregate_score": 0.18969957530498505,
  "ptm": 0.9484978914260864,
  "iptm": 0.0,
  "per_chain_ptm": 0.9484978914260864,
  "per_chain_pair_iptm": 0.9484978914260864,
  "has_inter_chain_clashes": false,
  "chain_chain_clashes": 0
}