{
    "confidence_score": 0.6438167095184326,
    "ptm": 0.37048014998435974,
    "iptm": 0.0,
    "ligand_iptm": 0.0,
    "protein_iptm": 0.0,
    "complex_plddt": 0.7121508717536926,
    "complex_iplddt": 0.0,
    "complex_pde": 2.084345817565918,
    "complex_ipde": 0.0,
    "chains_ptm": {
        "0": 0.37048014998435974
    },
    "pair_chains_iptm": {
        "0": {
            "0": 0.37048014998435974
        }
    }
}