{
    "confidence_score": 0.6473917961120605,
    "ptm": 0.3670117259025574,
    "iptm": 0.0,
    "ligand_iptm": 0.0,
    "protein_iptm": 0.0,
    "complex_plddt": 0.7174867987632751,
    "complex_iplddt": 0.0,
    "complex_pde": 2.0859339237213135,
    "complex_ipde": 0.0,
    "chains_ptm": {
        "0": 0.3670117259025574
    },
    "pair_chains_iptm": {
        "0": {
            "0": 0.3670117259025574
        }
    }
}