{
    "confidence_score": 0.6473928689956665,
    "ptm": 0.37438854575157166,
    "iptm": 0.0,
    "ligand_iptm": 0.0,
    "protein_iptm": 0.0,
    "complex_plddt": 0.7156439423561096,
    "complex_iplddt": 0.0,
    "complex_pde": 2.038851261138916,
    "complex_ipde": 0.0,
    "chains_ptm": {
        "0": 0.37438854575157166
    },
    "pair_chains_iptm": {
        "0": {
            "0": 0.37438854575157166
        }
    }
}