{
  "aggregate_score": 0.1761036366224289,
  "ptm": 0.8805181384086609,
  "iptm": 0.0,
  "per_chain_ptm": 0.8805181384086609,
  "per_chain_pair_iptm": 0.8805181384086609,
  "has_inter_chain_clashes": false,
  "chain_chain_clashes": 0
}