{
  "aggregate_score": 0.1759357750415802,
  "ptm": 0.8796788454055786,
  "iptm": 0.0,
  "per_chain_ptm": 0.8796788454055786,
  "per_chain_pair_iptm": 0.8796788454055786,
  "has_inter_chain_clashes": false,
  "chain_chain_clashes": 0
}