{
  "aggregate_score": 0.18186798691749573,
  "ptm": 0.9093399047851562,
  "iptm": 0.0,
  "per_chain_ptm": 0.9093399047851562,
  "per_chain_pair_iptm": 0.9093399047851562,
  "has_inter_chain_clashes": false,
  "chain_chain_clashes": 0
}