{
  "aggregate_score": 0.1456371247768402,
  "ptm": 0.7281855940818787,
  "iptm": 0.0,
  "per_chain_ptm": 0.7281855940818787,
  "per_chain_pair_iptm": 0.7281855940818787,
  "has_inter_chain_clashes": false,
  "chain_chain_clashes": 0
}