{
  "aggregate_score": 0.1460670679807663,
  "ptm": 0.7303352952003479,
  "iptm": 0.0,
  "per_chain_ptm": 0.7303352952003479,
  "per_chain_pair_iptm": 0.7303352952003479,
  "has_inter_chain_clashes": false,
  "chain_chain_clashes": 0
}