{
  "aggregate_score": 0.14613865315914154,
  "ptm": 0.7306932806968689,
  "iptm": 0.0,
  "per_chain_ptm": 0.7306932806968689,
  "per_chain_pair_iptm": 0.7306932806968689,
  "has_inter_chain_clashes": false,
  "chain_chain_clashes": 0
}