{
  "aggregate_score": 0.13586556911468506,
  "ptm": 0.6793278455734253,
  "iptm": 0.0,
  "per_chain_ptm": 0.6793278455734253,
  "per_chain_pair_iptm": 0.6793278455734253,
  "has_inter_chain_clashes": false,
  "chain_chain_clashes": 0
}