{
  "aggregate_score": 0.16397415101528168,
  "ptm": 0.8198707103729248,
  "iptm": 0.0,
  "per_chain_ptm": 0.8198707103729248,
  "per_chain_pair_iptm": 0.8198707103729248,
  "has_inter_chain_clashes": false,
  "chain_chain_clashes": 0
}