{
    "confidence_score": 0.8911623954772949,
    "ptm": 0.8049280047416687,
    "iptm": 0.0,
    "ligand_iptm": 0.0,
    "protein_iptm": 0.0,
    "complex_plddt": 0.9127209782600403,
    "complex_iplddt": 0.0,
    "complex_pde": 0.4333530366420746,
    "complex_ipde": 0.0,
    "chains_ptm": {
        "0": 0.8049280047416687
    },
    "pair_chains_iptm": {
        "0": {
            "0": 0.8049280047416687
        }
    }
}