{
    "plddt": 92.46028900146484,
    "gpde": 0.35936886072158813,
    "ptm": 0.9466226100921631,
    "iptm": 0.0,
    "chain_gpde": [
        0.35936886072158813
    ],
    "chain_pair_gpde": [
        [
            0.0
        ]
    ],
    "chain_ptm": [
        0.9466226100921631
    ],
    "chain_iptm": [
        0.0
    ],
    "chain_pair_iptm": [
        [
            0.0
        ]
    ],
    "chain_pair_iptm_global": [
        [
            0.0
        ]
    ],
    "chain_plddt": [
        0.9246029257774353
    ],
    "chain_pair_plddt": [
        [
            0.0
        ]
    ],
    "has_clash": false,
    "disorder": 0.0,
    "ranking_score": 0.1893245279788971,
    "num_recycles": 10
}