{
    "plddt": 92.48504638671875,
    "gpde": 0.3581518828868866,
    "ptm": 0.9473316669464111,
    "iptm": 0.0,
    "chain_gpde": [
        0.3581518828868866
    ],
    "chain_pair_gpde": [
        [
            0.0
        ]
    ],
    "chain_ptm": [
        0.9473316669464111
    ],
    "chain_iptm": [
        0.0
    ],
    "chain_pair_iptm": [
        [
            0.0
        ]
    ],
    "chain_pair_iptm_global": [
        [
            0.0
        ]
    ],
    "chain_plddt": [
        0.9248504638671875
    ],
    "chain_pair_plddt": [
        [
            0.0
        ]
    ],
    "has_clash": false,
    "disorder": 0.0,
    "ranking_score": 0.18946634232997894,
    "num_recycles": 10
}