{
    "plddt": 92.45346069335938,
    "gpde": 0.35876765847206116,
    "ptm": 0.9468461871147156,
    "iptm": 0.0,
    "chain_gpde": [
        0.35876765847206116
    ],
    "chain_pair_gpde": [
        [
            0.0
        ]
    ],
    "chain_ptm": [
        0.9468461871147156
    ],
    "chain_iptm": [
        0.0
    ],
    "chain_pair_iptm": [
        [
            0.0
        ]
    ],
    "chain_pair_iptm_global": [
        [
            0.0
        ]
    ],
    "chain_plddt": [
        0.9245346188545227
    ],
    "chain_pair_plddt": [
        [
            0.0
        ]
    ],
    "has_clash": false,
    "disorder": 0.0,
    "ranking_score": 0.18936924636363983,
    "num_recycles": 10
}