{
    "plddt": 92.41778564453125,
    "gpde": 0.3599274456501007,
    "ptm": 0.9467620253562927,
    "iptm": 0.0,
    "chain_gpde": [
        0.3599274456501007
    ],
    "chain_pair_gpde": [
        [
            0.0
        ]
    ],
    "chain_ptm": [
        0.9467620253562927
    ],
    "chain_iptm": [
        0.0
    ],
    "chain_pair_iptm": [
        [
            0.0
        ]
    ],
    "chain_pair_iptm_global": [
        [
            0.0
        ]
    ],
    "chain_plddt": [
        0.9241778254508972
    ],
    "chain_pair_plddt": [
        [
            0.0
        ]
    ],
    "has_clash": false,
    "disorder": 0.0,
    "ranking_score": 0.18935240805149078,
    "num_recycles": 10
}