{
    "confidence_score": 0.7525716423988342,
    "ptm": 0.4975704848766327,
    "iptm": 0.0,
    "ligand_iptm": 0.0,
    "protein_iptm": 0.0,
    "complex_plddt": 0.8163219094276428,
    "complex_iplddt": 0.0,
    "complex_pde": 0.5392217636108398,
    "complex_ipde": 0.0,
    "chains_ptm": {
        "0": 0.4975704848766327
    },
    "pair_chains_iptm": {
        "0": {
            "0": 0.4975704848766327
        }
    }
}