{
    "plddt": 83.73627471923828,
    "gpde": 0.5995493531227112,
    "ptm": 0.8197433352470398,
    "iptm": 0.0,
    "chain_gpde": [
        0.5995493531227112
    ],
    "chain_pair_gpde": [
        [
            0.0
        ]
    ],
    "chain_ptm": [
        0.8197433352470398
    ],
    "chain_iptm": [
        0.0
    ],
    "chain_pair_iptm": [
        [
            0.0
        ]
    ],
    "chain_pair_iptm_global": [
        [
            0.0
        ]
    ],
    "chain_plddt": [
        0.8373627662658691
    ],
    "chain_pair_plddt": [
        [
            0.0
        ]
    ],
    "has_clash": false,
    "disorder": 0.0,
    "ranking_score": 0.1639486700296402,
    "num_recycles": 10
}