{
    "plddt": 83.4946060180664,
    "gpde": 0.6070235371589661,
    "ptm": 0.8130614161491394,
    "iptm": 0.0,
    "chain_gpde": [
        0.6070235371589661
    ],
    "chain_pair_gpde": [
        [
            0.0
        ]
    ],
    "chain_ptm": [
        0.8130614161491394
    ],
    "chain_iptm": [
        0.0
    ],
    "chain_pair_iptm": [
        [
            0.0
        ]
    ],
    "chain_pair_iptm_global": [
        [
            0.0
        ]
    ],
    "chain_plddt": [
        0.8349460959434509
    ],
    "chain_pair_plddt": [
        [
            0.0
        ]
    ],
    "has_clash": false,
    "disorder": 0.0,
    "ranking_score": 0.16261228919029236,
    "num_recycles": 10
}