{
    "plddt": 83.6884765625,
    "gpde": 0.5997116565704346,
    "ptm": 0.8198933601379395,
    "iptm": 0.0,
    "chain_gpde": [
        0.5997116565704346
    ],
    "chain_pair_gpde": [
        [
            0.0
        ]
    ],
    "chain_ptm": [
        0.8198933601379395
    ],
    "chain_iptm": [
        0.0
    ],
    "chain_pair_iptm": [
        [
            0.0
        ]
    ],
    "chain_pair_iptm_global": [
        [
            0.0
        ]
    ],
    "chain_plddt": [
        0.8368847370147705
    ],
    "chain_pair_plddt": [
        [
            0.0
        ]
    ],
    "has_clash": false,
    "disorder": 0.0,
    "ranking_score": 0.1639786809682846,
    "num_recycles": 10
}