{
    "plddt": 83.6412124633789,
    "gpde": 0.6021593809127808,
    "ptm": 0.8184978365898132,
    "iptm": 0.0,
    "chain_gpde": [
        0.6021593809127808
    ],
    "chain_pair_gpde": [
        [
            0.0
        ]
    ],
    "chain_ptm": [
        0.8184978365898132
    ],
    "chain_iptm": [
        0.0
    ],
    "chain_pair_iptm": [
        [
            0.0
        ]
    ],
    "chain_pair_iptm_global": [
        [
            0.0
        ]
    ],
    "chain_plddt": [
        0.8364121317863464
    ],
    "chain_pair_plddt": [
        [
            0.0
        ]
    ],
    "has_clash": false,
    "disorder": 0.0,
    "ranking_score": 0.16369956731796265,
    "num_recycles": 10
}