{
    "plddt": 85.70166015625,
    "gpde": 0.5257478356361389,
    "ptm": 0.7097383141517639,
    "iptm": 0.0,
    "chain_gpde": [
        0.5257478356361389
    ],
    "chain_pair_gpde": [
        [
            0.0
        ]
    ],
    "chain_ptm": [
        0.7097383141517639
    ],
    "chain_iptm": [
        0.0
    ],
    "chain_pair_iptm": [
        [
            0.0
        ]
    ],
    "chain_pair_iptm_global": [
        [
            0.0
        ]
    ],
    "chain_plddt": [
        0.8570166230201721
    ],
    "chain_pair_plddt": [
        [
            0.0
        ]
    ],
    "has_clash": false,
    "disorder": 0.0,
    "ranking_score": 0.1419476717710495,
    "num_recycles": 10
}