{
    "plddt": 85.7572021484375,
    "gpde": 0.5251084566116333,
    "ptm": 0.7115229964256287,
    "iptm": 0.0,
    "chain_gpde": [
        0.5251084566116333
    ],
    "chain_pair_gpde": [
        [
            0.0
        ]
    ],
    "chain_ptm": [
        0.7115229964256287
    ],
    "chain_iptm": [
        0.0
    ],
    "chain_pair_iptm": [
        [
            0.0
        ]
    ],
    "chain_pair_iptm_global": [
        [
            0.0
        ]
    ],
    "chain_plddt": [
        0.8575720191001892
    ],
    "chain_pair_plddt": [
        [
            0.0
        ]
    ],
    "has_clash": false,
    "disorder": 0.0,
    "ranking_score": 0.14230459928512573,
    "num_recycles": 10
}