{
    "plddt": 85.63899230957031,
    "gpde": 0.5331148505210876,
    "ptm": 0.7103558778762817,
    "iptm": 0.0,
    "chain_gpde": [
        0.5331148505210876
    ],
    "chain_pair_gpde": [
        [
            0.0
        ]
    ],
    "chain_ptm": [
        0.7103558778762817
    ],
    "chain_iptm": [
        0.0
    ],
    "chain_pair_iptm": [
        [
            0.0
        ]
    ],
    "chain_pair_iptm_global": [
        [
            0.0
        ]
    ],
    "chain_plddt": [
        0.8563899397850037
    ],
    "chain_pair_plddt": [
        [
            0.0
        ]
    ],
    "has_clash": false,
    "disorder": 0.0,
    "ranking_score": 0.1420711725950241,
    "num_recycles": 10
}