{
    "plddt": 91.11222076416016,
    "gpde": 0.4209209680557251,
    "ptm": 0.9224587082862854,
    "iptm": 0.0,
    "chain_gpde": [
        0.4209209680557251
    ],
    "chain_pair_gpde": [
        [
            0.0
        ]
    ],
    "chain_ptm": [
        0.9224587082862854
    ],
    "chain_iptm": [
        0.0
    ],
    "chain_pair_iptm": [
        [
            0.0
        ]
    ],
    "chain_pair_iptm_global": [
        [
            0.0
        ]
    ],
    "chain_plddt": [
        0.91112220287323
    ],
    "chain_pair_plddt": [
        [
            0.0
        ]
    ],
    "has_clash": false,
    "disorder": 0.0,
    "ranking_score": 0.18449173867702484,
    "num_recycles": 10
}