{
    "plddt": 91.16313171386719,
    "gpde": 0.4206961989402771,
    "ptm": 0.9230793118476868,
    "iptm": 0.0,
    "chain_gpde": [
        0.4206961989402771
    ],
    "chain_pair_gpde": [
        [
            0.0
        ]
    ],
    "chain_ptm": [
        0.9230793118476868
    ],
    "chain_iptm": [
        0.0
    ],
    "chain_pair_iptm": [
        [
            0.0
        ]
    ],
    "chain_pair_iptm_global": [
        [
            0.0
        ]
    ],
    "chain_plddt": [
        0.9116312861442566
    ],
    "chain_pair_plddt": [
        [
            0.0
        ]
    ],
    "has_clash": false,
    "disorder": 0.0,
    "ranking_score": 0.1846158653497696,
    "num_recycles": 10
}