{
    "confidence_score": 0.7523875832557678,
    "ptm": 0.4945496618747711,
    "iptm": 0.0,
    "ligand_iptm": 0.0,
    "protein_iptm": 0.0,
    "complex_plddt": 0.816847026348114,
    "complex_iplddt": 0.0,
    "complex_pde": 0.5675643682479858,
    "complex_ipde": 0.0,
    "chains_ptm": {
        "0": 0.4945496618747711
    },
    "pair_chains_iptm": {
        "0": {
            "0": 0.4945496618747711
        }
    }
}