{
    "confidence_score": 0.7523258924484253,
    "ptm": 0.497661828994751,
    "iptm": 0.0,
    "ligand_iptm": 0.0,
    "protein_iptm": 0.0,
    "complex_plddt": 0.8159918785095215,
    "complex_iplddt": 0.0,
    "complex_pde": 0.5509218573570251,
    "complex_ipde": 0.0,
    "chains_ptm": {
        "0": 0.497661828994751
    },
    "pair_chains_iptm": {
        "0": {
            "0": 0.497661828994751
        }
    }
}