{
    "confidence_score": 0.7519111633300781,
    "ptm": 0.4907516837120056,
    "iptm": 0.0,
    "ligand_iptm": 0.0,
    "protein_iptm": 0.0,
    "complex_plddt": 0.8172010183334351,
    "complex_iplddt": 0.0,
    "complex_pde": 0.5630626082420349,
    "complex_ipde": 0.0,
    "chains_ptm": {
        "0": 0.4907516837120056
    },
    "pair_chains_iptm": {
        "0": {
            "0": 0.4907516837120056
        }
    }
}