{
    "confidence_score": 0.7496291399002075,
    "ptm": 0.4974225163459778,
    "iptm": 0.0,
    "ligand_iptm": 0.0,
    "protein_iptm": 0.0,
    "complex_plddt": 0.8126807808876038,
    "complex_iplddt": 0.0,
    "complex_pde": 0.5649788975715637,
    "complex_ipde": 0.0,
    "chains_ptm": {
        "0": 0.4974225163459778
    },
    "pair_chains_iptm": {
        "0": {
            "0": 0.4974225163459778
        }
    }
}