{
    "confidence_score": 0.8598622679710388,
    "ptm": 0.8375027775764465,
    "iptm": 0.0,
    "ligand_iptm": 0.0,
    "protein_iptm": 0.0,
    "complex_plddt": 0.8654520511627197,
    "complex_iplddt": 0.0,
    "complex_pde": 0.4092862904071808,
    "complex_ipde": 0.0,
    "chains_ptm": {
        "0": 0.8375027775764465
    },
    "pair_chains_iptm": {
        "0": {
            "0": 0.8375027775764465
        }
    }
}