{
    "confidence_score": 0.8615021705627441,
    "ptm": 0.8215418457984924,
    "iptm": 0.0,
    "ligand_iptm": 0.0,
    "protein_iptm": 0.0,
    "complex_plddt": 0.8714922666549683,
    "complex_iplddt": 0.0,
    "complex_pde": 0.4264802634716034,
    "complex_ipde": 0.0,
    "chains_ptm": {
        "0": 0.8215418457984924
    },
    "pair_chains_iptm": {
        "0": {
            "0": 0.8215418457984924
        }
    }
}