{
    "confidence_score": 0.8680286407470703,
    "ptm": 0.8330778479576111,
    "iptm": 0.0,
    "ligand_iptm": 0.0,
    "protein_iptm": 0.0,
    "complex_plddt": 0.8767663836479187,
    "complex_iplddt": 0.0,
    "complex_pde": 0.4151749014854431,
    "complex_ipde": 0.0,
    "chains_ptm": {
        "0": 0.8330778479576111
    },
    "pair_chains_iptm": {
        "0": {
            "0": 0.8330778479576111
        }
    }
}