{
    "confidence_score": 0.8626562356948853,
    "ptm": 0.8312121033668518,
    "iptm": 0.0,
    "ligand_iptm": 0.0,
    "protein_iptm": 0.0,
    "complex_plddt": 0.8705172538757324,
    "complex_iplddt": 0.0,
    "complex_pde": 0.41694504022598267,
    "complex_ipde": 0.0,
    "chains_ptm": {
        "0": 0.8312121033668518
    },
    "pair_chains_iptm": {
        "0": {
            "0": 0.8312121033668518
        }
    }
}