{
    "confidence_score": 0.9712012410163879,
    "ptm": 0.9570746421813965,
    "iptm": 0.0,
    "ligand_iptm": 0.0,
    "protein_iptm": 0.0,
    "complex_plddt": 0.9747328758239746,
    "complex_iplddt": 0.0,
    "complex_pde": 0.2974613904953003,
    "complex_ipde": 0.0,
    "chains_ptm": {
        "0": 0.9570746421813965
    },
    "pair_chains_iptm": {
        "0": {
            "0": 0.9570746421813965
        }
    }
}