{
  "aggregate_score": 0.14992152154445648,
  "ptm": 0.7496075630187988,
  "iptm": 0.0,
  "per_chain_ptm": 0.7496075630187988,
  "per_chain_pair_iptm": 0.7496075630187988,
  "has_inter_chain_clashes": false,
  "chain_chain_clashes": 0
}