{
  "aggregate_score": 0.14985257387161255,
  "ptm": 0.7492628693580627,
  "iptm": 0.0,
  "per_chain_ptm": 0.7492628693580627,
  "per_chain_pair_iptm": 0.7492628693580627,
  "has_inter_chain_clashes": false,
  "chain_chain_clashes": 0
}