{
  "aggregate_score": 0.1497374027967453,
  "ptm": 0.7486870288848877,
  "iptm": 0.0,
  "per_chain_ptm": 0.7486870288848877,
  "per_chain_pair_iptm": 0.7486870288848877,
  "has_inter_chain_clashes": false,
  "chain_chain_clashes": 0
}