{
    "plddt": 92.94131469726562,
    "gpde": 0.34001919627189636,
    "ptm": 0.9575400948524475,
    "iptm": 0.0,
    "chain_gpde": [
        0.34001919627189636
    ],
    "chain_pair_gpde": [
        [
            0.0
        ]
    ],
    "chain_ptm": [
        0.9575400948524475
    ],
    "chain_iptm": [
        0.0
    ],
    "chain_pair_iptm": [
        [
            0.0
        ]
    ],
    "chain_pair_iptm_global": [
        [
            0.0
        ]
    ],
    "chain_plddt": [
        0.9294131398200989
    ],
    "chain_pair_plddt": [
        [
            0.0
        ]
    ],
    "has_clash": false,
    "disorder": 0.0,
    "ranking_score": 0.19150802493095398,
    "num_recycles": 10
}