{
    "plddt": 89.04423522949219,
    "gpde": 0.6802298426628113,
    "ptm": 0.8318474292755127,
    "iptm": 0.0,
    "chain_gpde": [
        0.6802298426628113
    ],
    "chain_pair_gpde": [
        [
            0.0
        ]
    ],
    "chain_ptm": [
        0.8318474292755127
    ],
    "chain_iptm": [
        0.0
    ],
    "chain_pair_iptm": [
        [
            0.0
        ]
    ],
    "chain_pair_iptm_global": [
        [
            0.0
        ]
    ],
    "chain_plddt": [
        0.8904423713684082
    ],
    "chain_pair_plddt": [
        [
            0.0
        ]
    ],
    "has_clash": false,
    "disorder": 0.0,
    "ranking_score": 0.1663694828748703,
    "num_recycles": 10
}