{
    "plddt": 88.43475341796875,
    "gpde": 0.7078981995582581,
    "ptm": 0.7830877900123596,
    "iptm": 0.0,
    "chain_gpde": [
        0.7078981995582581
    ],
    "chain_pair_gpde": [
        [
            0.0
        ]
    ],
    "chain_ptm": [
        0.7830877900123596
    ],
    "chain_iptm": [
        0.0
    ],
    "chain_pair_iptm": [
        [
            0.0
        ]
    ],
    "chain_pair_iptm_global": [
        [
            0.0
        ]
    ],
    "chain_plddt": [
        0.8843474984169006
    ],
    "chain_pair_plddt": [
        [
            0.0
        ]
    ],
    "has_clash": false,
    "disorder": 0.0,
    "ranking_score": 0.15661756694316864,
    "num_recycles": 10
}