{
    "plddt": 87.99100494384766,
    "gpde": 0.723317563533783,
    "ptm": 0.7614641785621643,
    "iptm": 0.0,
    "chain_gpde": [
        0.723317563533783
    ],
    "chain_pair_gpde": [
        [
            0.0
        ]
    ],
    "chain_ptm": [
        0.7614641785621643
    ],
    "chain_iptm": [
        0.0
    ],
    "chain_pair_iptm": [
        [
            0.0
        ]
    ],
    "chain_pair_iptm_global": [
        [
            0.0
        ]
    ],
    "chain_plddt": [
        0.8799100518226624
    ],
    "chain_pair_plddt": [
        [
            0.0
        ]
    ],
    "has_clash": false,
    "disorder": 0.0,
    "ranking_score": 0.15229283273220062,
    "num_recycles": 10
}