{
    "plddt": 88.6279296875,
    "gpde": 0.675421953201294,
    "ptm": 0.8211045265197754,
    "iptm": 0.0,
    "chain_gpde": [
        0.675421953201294
    ],
    "chain_pair_gpde": [
        [
            0.0
        ]
    ],
    "chain_ptm": [
        0.8211045265197754
    ],
    "chain_iptm": [
        0.0
    ],
    "chain_pair_iptm": [
        [
            0.0
        ]
    ],
    "chain_pair_iptm_global": [
        [
            0.0
        ]
    ],
    "chain_plddt": [
        0.886279284954071
    ],
    "chain_pair_plddt": [
        [
            0.0
        ]
    ],
    "has_clash": false,
    "disorder": 0.0,
    "ranking_score": 0.1642209142446518,
    "num_recycles": 10
}