{
  "aggregate_score": 0.0948486477136612,
  "ptm": 0.4742432236671448,
  "iptm": 0.0,
  "per_chain_ptm": 0.4742432236671448,
  "per_chain_pair_iptm": 0.4742432236671448,
  "has_inter_chain_clashes": false,
  "chain_chain_clashes": 0
}