{
  "aggregate_score": 0.09454300254583359,
  "ptm": 0.47271502017974854,
  "iptm": 0.0,
  "per_chain_ptm": 0.47271502017974854,
  "per_chain_pair_iptm": 0.47271502017974854,
  "has_inter_chain_clashes": false,
  "chain_chain_clashes": 0
}