{
    "plddt": 86.5364990234375,
    "gpde": 0.571056067943573,
    "ptm": 0.6413459181785583,
    "iptm": 0.0,
    "chain_gpde": [
        0.571056067943573
    ],
    "chain_pair_gpde": [
        [
            0.0
        ]
    ],
    "chain_ptm": [
        0.6413459181785583
    ],
    "chain_iptm": [
        0.0
    ],
    "chain_pair_iptm": [
        [
            0.0
        ]
    ],
    "chain_pair_iptm_global": [
        [
            0.0
        ]
    ],
    "chain_plddt": [
        0.8653649687767029
    ],
    "chain_pair_plddt": [
        [
            0.0
        ]
    ],
    "has_clash": false,
    "disorder": 0.0,
    "ranking_score": 0.12826918065547943,
    "num_recycles": 10
}