{
    "plddt": 86.67007446289062,
    "gpde": 0.5536391735076904,
    "ptm": 0.6376625895500183,
    "iptm": 0.0,
    "chain_gpde": [
        0.5536391735076904
    ],
    "chain_pair_gpde": [
        [
            0.0
        ]
    ],
    "chain_ptm": [
        0.6376625895500183
    ],
    "chain_iptm": [
        0.0
    ],
    "chain_pair_iptm": [
        [
            0.0
        ]
    ],
    "chain_pair_iptm_global": [
        [
            0.0
        ]
    ],
    "chain_plddt": [
        0.8667007684707642
    ],
    "chain_pair_plddt": [
        [
            0.0
        ]
    ],
    "has_clash": false,
    "disorder": 0.0,
    "ranking_score": 0.12753252685070038,
    "num_recycles": 10
}