{
    "plddt": 88.82954406738281,
    "gpde": 0.43301379680633545,
    "ptm": 0.8832252621650696,
    "iptm": 0.0,
    "chain_gpde": [
        0.43301379680633545
    ],
    "chain_pair_gpde": [
        [
            0.0
        ]
    ],
    "chain_ptm": [
        0.8832252621650696
    ],
    "chain_iptm": [
        0.0
    ],
    "chain_pair_iptm": [
        [
            0.0
        ]
    ],
    "chain_pair_iptm_global": [
        [
            0.0
        ]
    ],
    "chain_plddt": [
        0.8882954120635986
    ],
    "chain_pair_plddt": [
        [
            0.0
        ]
    ],
    "has_clash": false,
    "disorder": 0.0,
    "ranking_score": 0.17664505541324615,
    "num_recycles": 10
}