{
    "plddt": 88.18241119384766,
    "gpde": 0.43928492069244385,
    "ptm": 0.8793429136276245,
    "iptm": 0.0,
    "chain_gpde": [
        0.43928492069244385
    ],
    "chain_pair_gpde": [
        [
            0.0
        ]
    ],
    "chain_ptm": [
        0.8793429136276245
    ],
    "chain_iptm": [
        0.0
    ],
    "chain_pair_iptm": [
        [
            0.0
        ]
    ],
    "chain_pair_iptm_global": [
        [
            0.0
        ]
    ],
    "chain_plddt": [
        0.8818240761756897
    ],
    "chain_pair_plddt": [
        [
            0.0
        ]
    ],
    "has_clash": false,
    "disorder": 0.0,
    "ranking_score": 0.17586858570575714,
    "num_recycles": 10
}