{
    "plddt": 88.74235534667969,
    "gpde": 0.43929117918014526,
    "ptm": 0.8800756931304932,
    "iptm": 0.0,
    "chain_gpde": [
        0.43929117918014526
    ],
    "chain_pair_gpde": [
        [
            0.0
        ]
    ],
    "chain_ptm": [
        0.8800756931304932
    ],
    "chain_iptm": [
        0.0
    ],
    "chain_pair_iptm": [
        [
            0.0
        ]
    ],
    "chain_pair_iptm_global": [
        [
            0.0
        ]
    ],
    "chain_plddt": [
        0.887423574924469
    ],
    "chain_pair_plddt": [
        [
            0.0
        ]
    ],
    "has_clash": false,
    "disorder": 0.0,
    "ranking_score": 0.17601513862609863,
    "num_recycles": 10
}