{
  "aggregate_score": 0.14996187388896942,
  "ptm": 0.7498093843460083,
  "iptm": 0.0,
  "per_chain_ptm": 0.7498093843460083,
  "per_chain_pair_iptm": 0.7498093843460083,
  "has_inter_chain_clashes": false,
  "chain_chain_clashes": 0
}