{
    "plddt": 77.18389129638672,
    "gpde": 1.23203706741333,
    "ptm": 0.6955519318580627,
    "iptm": 0.0,
    "chain_gpde": [
        1.23203706741333
    ],
    "chain_pair_gpde": [
        [
            0.0
        ]
    ],
    "chain_ptm": [
        0.6955519318580627
    ],
    "chain_iptm": [
        0.0
    ],
    "chain_pair_iptm": [
        [
            0.0
        ]
    ],
    "chain_pair_iptm_global": [
        [
            0.0
        ]
    ],
    "chain_plddt": [
        0.771838903427124
    ],
    "chain_pair_plddt": [
        [
            0.0
        ]
    ],
    "has_clash": false,
    "disorder": 0.0,
    "ranking_score": 0.13911038637161255,
    "num_recycles": 10
}