{
  "aggregate_score": 0.18244653940200806,
  "ptm": 0.9122326970100403,
  "iptm": 0.0,
  "per_chain_ptm": 0.9122326970100403,
  "per_chain_pair_iptm": 0.9122326970100403,
  "has_inter_chain_clashes": false,
  "chain_chain_clashes": 0
}