{
  "aggregate_score": 0.18246929347515106,
  "ptm": 0.9123464822769165,
  "iptm": 0.0,
  "per_chain_ptm": 0.9123464822769165,
  "per_chain_pair_iptm": 0.9123464822769165,
  "has_inter_chain_clashes": false,
  "chain_chain_clashes": 0
}