{
    "confidence_score": 0.6264586448669434,
    "ptm": 0.4374910593032837,
    "iptm": 0.0,
    "ligand_iptm": 0.0,
    "protein_iptm": 0.0,
    "complex_plddt": 0.6737005114555359,
    "complex_iplddt": 0.0,
    "complex_pde": 1.1194734573364258,
    "complex_ipde": 0.0,
    "chains_ptm": {
        "0": 0.4374910593032837
    },
    "pair_chains_iptm": {
        "0": {
            "0": 0.4374910593032837
        }
    }
}