{
    "confidence_score": 0.6207743883132935,
    "ptm": 0.4173157811164856,
    "iptm": 0.0,
    "ligand_iptm": 0.0,
    "protein_iptm": 0.0,
    "complex_plddt": 0.6716390252113342,
    "complex_iplddt": 0.0,
    "complex_pde": 1.1934460401535034,
    "complex_ipde": 0.0,
    "chains_ptm": {
        "0": 0.4173157811164856
    },
    "pair_chains_iptm": {
        "0": {
            "0": 0.4173157811164856
        }
    }
}