{
    "confidence_score": 0.9096621870994568,
    "ptm": 0.8083459734916687,
    "iptm": 0.0,
    "ligand_iptm": 0.0,
    "protein_iptm": 0.0,
    "complex_plddt": 0.934991180896759,
    "complex_iplddt": 0.0,
    "complex_pde": 0.4253179728984833,
    "complex_ipde": 0.0,
    "chains_ptm": {
        "0": 0.8083459734916687
    },
    "pair_chains_iptm": {
        "0": {
            "0": 0.8083459734916687
        }
    }
}