{
  "aggregate_score": 0.15962478518486023,
  "ptm": 0.7981238961219788,
  "iptm": 0.0,
  "per_chain_ptm": 0.7981238961219788,
  "per_chain_pair_iptm": 0.7981238961219788,
  "has_inter_chain_clashes": false,
  "chain_chain_clashes": 0
}