{
  "aggregate_score": 0.15968012809753418,
  "ptm": 0.7984006404876709,
  "iptm": 0.0,
  "per_chain_ptm": 0.7984006404876709,
  "per_chain_pair_iptm": 0.7984006404876709,
  "has_inter_chain_clashes": false,
  "chain_chain_clashes": 0
}