{
    "plddt": 91.78019714355469,
    "gpde": 0.38384953141212463,
    "ptm": 0.9228802919387817,
    "iptm": 0.0,
    "chain_gpde": [
        0.38384953141212463
    ],
    "chain_pair_gpde": [
        [
            0.0
        ]
    ],
    "chain_ptm": [
        0.9228802919387817
    ],
    "chain_iptm": [
        0.0
    ],
    "chain_pair_iptm": [
        [
            0.0
        ]
    ],
    "chain_pair_iptm_global": [
        [
            0.0
        ]
    ],
    "chain_plddt": [
        0.9178019762039185
    ],
    "chain_pair_plddt": [
        [
            0.0
        ]
    ],
    "has_clash": false,
    "disorder": 0.0,
    "ranking_score": 0.18457606434822083,
    "num_recycles": 10
}