{
    "plddt": 91.7861557006836,
    "gpde": 0.3837449848651886,
    "ptm": 0.9218517541885376,
    "iptm": 0.0,
    "chain_gpde": [
        0.3837449848651886
    ],
    "chain_pair_gpde": [
        [
            0.0
        ]
    ],
    "chain_ptm": [
        0.9218517541885376
    ],
    "chain_iptm": [
        0.0
    ],
    "chain_pair_iptm": [
        [
            0.0
        ]
    ],
    "chain_pair_iptm_global": [
        [
            0.0
        ]
    ],
    "chain_plddt": [
        0.9178615212440491
    ],
    "chain_pair_plddt": [
        [
            0.0
        ]
    ],
    "has_clash": false,
    "disorder": 0.0,
    "ranking_score": 0.18437035381793976,
    "num_recycles": 10
}