{
    "plddt": 91.6012954711914,
    "gpde": 0.3877321779727936,
    "ptm": 0.9208243489265442,
    "iptm": 0.0,
    "chain_gpde": [
        0.3877321779727936
    ],
    "chain_pair_gpde": [
        [
            0.0
        ]
    ],
    "chain_ptm": [
        0.9208243489265442
    ],
    "chain_iptm": [
        0.0
    ],
    "chain_pair_iptm": [
        [
            0.0
        ]
    ],
    "chain_pair_iptm_global": [
        [
            0.0
        ]
    ],
    "chain_plddt": [
        0.9160129427909851
    ],
    "chain_pair_plddt": [
        [
            0.0
        ]
    ],
    "has_clash": false,
    "disorder": 0.0,
    "ranking_score": 0.1841648668050766,
    "num_recycles": 10
}