{
    "plddt": 91.66421508789062,
    "gpde": 0.38806235790252686,
    "ptm": 0.9207364916801453,
    "iptm": 0.0,
    "chain_gpde": [
        0.38806235790252686
    ],
    "chain_pair_gpde": [
        [
            0.0
        ]
    ],
    "chain_ptm": [
        0.9207364916801453
    ],
    "chain_iptm": [
        0.0
    ],
    "chain_pair_iptm": [
        [
            0.0
        ]
    ],
    "chain_pair_iptm_global": [
        [
            0.0
        ]
    ],
    "chain_plddt": [
        0.9166421890258789
    ],
    "chain_pair_plddt": [
        [
            0.0
        ]
    ],
    "has_clash": false,
    "disorder": 0.0,
    "ranking_score": 0.18414729833602905,
    "num_recycles": 10
}