{
    "plddt": 90.91314697265625,
    "gpde": 0.4161651134490967,
    "ptm": 0.8593190312385559,
    "iptm": 0.0,
    "chain_gpde": [
        0.4161651134490967
    ],
    "chain_pair_gpde": [
        [
            0.0
        ]
    ],
    "chain_ptm": [
        0.8593190312385559
    ],
    "chain_iptm": [
        0.0
    ],
    "chain_pair_iptm": [
        [
            0.0
        ]
    ],
    "chain_pair_iptm_global": [
        [
            0.0
        ]
    ],
    "chain_plddt": [
        0.9091314673423767
    ],
    "chain_pair_plddt": [
        [
            0.0
        ]
    ],
    "has_clash": false,
    "disorder": 0.0,
    "ranking_score": 0.17186380922794342,
    "num_recycles": 10
}