{
    "plddt": 90.70344543457031,
    "gpde": 0.4215940237045288,
    "ptm": 0.8568764925003052,
    "iptm": 0.0,
    "chain_gpde": [
        0.4215940237045288
    ],
    "chain_pair_gpde": [
        [
            0.0
        ]
    ],
    "chain_ptm": [
        0.8568764925003052
    ],
    "chain_iptm": [
        0.0
    ],
    "chain_pair_iptm": [
        [
            0.0
        ]
    ],
    "chain_pair_iptm_global": [
        [
            0.0
        ]
    ],
    "chain_plddt": [
        0.9070344567298889
    ],
    "chain_pair_plddt": [
        [
            0.0
        ]
    ],
    "has_clash": false,
    "disorder": 0.0,
    "ranking_score": 0.1713753044605255,
    "num_recycles": 10
}