{
    "plddt": 91.01021575927734,
    "gpde": 0.41330355405807495,
    "ptm": 0.8605244159698486,
    "iptm": 0.0,
    "chain_gpde": [
        0.41330355405807495
    ],
    "chain_pair_gpde": [
        [
            0.0
        ]
    ],
    "chain_ptm": [
        0.8605244159698486
    ],
    "chain_iptm": [
        0.0
    ],
    "chain_pair_iptm": [
        [
            0.0
        ]
    ],
    "chain_pair_iptm_global": [
        [
            0.0
        ]
    ],
    "chain_plddt": [
        0.910102128982544
    ],
    "chain_pair_plddt": [
        [
            0.0
        ]
    ],
    "has_clash": false,
    "disorder": 0.0,
    "ranking_score": 0.1721048802137375,
    "num_recycles": 10
}