{
    "plddt": 90.98017120361328,
    "gpde": 0.412216454744339,
    "ptm": 0.8602418899536133,
    "iptm": 0.0,
    "chain_gpde": [
        0.412216454744339
    ],
    "chain_pair_gpde": [
        [
            0.0
        ]
    ],
    "chain_ptm": [
        0.8602418899536133
    ],
    "chain_iptm": [
        0.0
    ],
    "chain_pair_iptm": [
        [
            0.0
        ]
    ],
    "chain_pair_iptm_global": [
        [
            0.0
        ]
    ],
    "chain_plddt": [
        0.909801721572876
    ],
    "chain_pair_plddt": [
        [
            0.0
        ]
    ],
    "has_clash": false,
    "disorder": 0.0,
    "ranking_score": 0.17204837501049042,
    "num_recycles": 10
}