{
    "plddt": 90.6512680053711,
    "gpde": 0.4180651903152466,
    "ptm": 0.8576037883758545,
    "iptm": 0.0,
    "chain_gpde": [
        0.4180651903152466
    ],
    "chain_pair_gpde": [
        [
            0.0
        ]
    ],
    "chain_ptm": [
        0.8576037883758545
    ],
    "chain_iptm": [
        0.0
    ],
    "chain_pair_iptm": [
        [
            0.0
        ]
    ],
    "chain_pair_iptm_global": [
        [
            0.0
        ]
    ],
    "chain_plddt": [
        0.9065126776695251
    ],
    "chain_pair_plddt": [
        [
            0.0
        ]
    ],
    "has_clash": false,
    "disorder": 0.0,
    "ranking_score": 0.17152075469493866,
    "num_recycles": 10
}