{
    "plddt": 92.9993896484375,
    "gpde": 0.34606748819351196,
    "ptm": 0.9230937957763672,
    "iptm": 0.0,
    "chain_gpde": [
        0.34606748819351196
    ],
    "chain_pair_gpde": [
        [
            0.0
        ]
    ],
    "chain_ptm": [
        0.9230937957763672
    ],
    "chain_iptm": [
        0.0
    ],
    "chain_pair_iptm": [
        [
            0.0
        ]
    ],
    "chain_pair_iptm_global": [
        [
            0.0
        ]
    ],
    "chain_plddt": [
        0.9299938678741455
    ],
    "chain_pair_plddt": [
        [
            0.0
        ]
    ],
    "has_clash": false,
    "disorder": 0.0,
    "ranking_score": 0.1846187561750412,
    "num_recycles": 10
}