{
  "aggregate_score": 0.17372779548168182,
  "ptm": 0.8686389923095703,
  "iptm": 0.0,
  "per_chain_ptm": 0.8686389923095703,
  "per_chain_pair_iptm": 0.8686389923095703,
  "has_inter_chain_clashes": false,
  "chain_chain_clashes": 0
}