{
  "aggregate_score": 0.17382042109966278,
  "ptm": 0.8691020607948303,
  "iptm": 0.0,
  "per_chain_ptm": 0.8691020607948303,
  "per_chain_pair_iptm": 0.8691020607948303,
  "has_inter_chain_clashes": false,
  "chain_chain_clashes": 0
}