{
  "aggregate_score": 0.18328604102134705,
  "ptm": 0.9164301753044128,
  "iptm": 0.0,
  "per_chain_ptm": 0.9164301753044128,
  "per_chain_pair_iptm": 0.9164301753044128,
  "has_inter_chain_clashes": false,
  "chain_chain_clashes": 0
}