{
  "aggregate_score": 0.12437006086111069,
  "ptm": 0.621850311756134,
  "iptm": 0.0,
  "per_chain_ptm": 0.621850311756134,
  "per_chain_pair_iptm": 0.621850311756134,
  "has_inter_chain_clashes": false,
  "chain_chain_clashes": 0
}