{
  "aggregate_score": 0.12415006011724472,
  "ptm": 0.6207503080368042,
  "iptm": 0.0,
  "per_chain_ptm": 0.6207503080368042,
  "per_chain_pair_iptm": 0.6207503080368042,
  "has_inter_chain_clashes": false,
  "chain_chain_clashes": 0
}