{
    "plddt": 91.00699615478516,
    "gpde": 0.40831321477890015,
    "ptm": 0.7883246541023254,
    "iptm": 0.0,
    "chain_gpde": [
        0.40831321477890015
    ],
    "chain_pair_gpde": [
        [
            0.0
        ]
    ],
    "chain_ptm": [
        0.7883246541023254
    ],
    "chain_iptm": [
        0.0
    ],
    "chain_pair_iptm": [
        [
            0.0
        ]
    ],
    "chain_pair_iptm_global": [
        [
            0.0
        ]
    ],
    "chain_plddt": [
        0.9100699424743652
    ],
    "chain_pair_plddt": [
        [
            0.0
        ]
    ],
    "has_clash": false,
    "disorder": 0.0,
    "ranking_score": 0.1576649397611618,
    "num_recycles": 10
}