{
    "plddt": 90.95600128173828,
    "gpde": 0.4095005691051483,
    "ptm": 0.7856525778770447,
    "iptm": 0.0,
    "chain_gpde": [
        0.4095005691051483
    ],
    "chain_pair_gpde": [
        [
            0.0
        ]
    ],
    "chain_ptm": [
        0.7856525778770447
    ],
    "chain_iptm": [
        0.0
    ],
    "chain_pair_iptm": [
        [
            0.0
        ]
    ],
    "chain_pair_iptm_global": [
        [
            0.0
        ]
    ],
    "chain_plddt": [
        0.9095600247383118
    ],
    "chain_pair_plddt": [
        [
            0.0
        ]
    ],
    "has_clash": false,
    "disorder": 0.0,
    "ranking_score": 0.15713052451610565,
    "num_recycles": 10
}