{
    "plddt": 90.88792419433594,
    "gpde": 0.41158241033554077,
    "ptm": 0.784280002117157,
    "iptm": 0.0,
    "chain_gpde": [
        0.41158241033554077
    ],
    "chain_pair_gpde": [
        [
            0.0
        ]
    ],
    "chain_ptm": [
        0.784280002117157
    ],
    "chain_iptm": [
        0.0
    ],
    "chain_pair_iptm": [
        [
            0.0
        ]
    ],
    "chain_pair_iptm_global": [
        [
            0.0
        ]
    ],
    "chain_plddt": [
        0.9088792204856873
    ],
    "chain_pair_plddt": [
        [
            0.0
        ]
    ],
    "has_clash": false,
    "disorder": 0.0,
    "ranking_score": 0.1568560004234314,
    "num_recycles": 10
}