{
    "plddt": 91.65682983398438,
    "gpde": 0.3674880564212799,
    "ptm": 0.8344760537147522,
    "iptm": 0.0,
    "chain_gpde": [
        0.3674880564212799
    ],
    "chain_pair_gpde": [
        [
            0.0
        ]
    ],
    "chain_ptm": [
        0.8344760537147522
    ],
    "chain_iptm": [
        0.0
    ],
    "chain_pair_iptm": [
        [
            0.0
        ]
    ],
    "chain_pair_iptm_global": [
        [
            0.0
        ]
    ],
    "chain_plddt": [
        0.9165682792663574
    ],
    "chain_pair_plddt": [
        [
            0.0
        ]
    ],
    "has_clash": false,
    "disorder": 0.0,
    "ranking_score": 0.16689521074295044,
    "num_recycles": 10
}