{
    "confidence_score": 0.9024734497070312,
    "ptm": 0.864949107170105,
    "iptm": 0.0,
    "ligand_iptm": 0.0,
    "protein_iptm": 0.0,
    "complex_plddt": 0.9118545651435852,
    "complex_iplddt": 0.0,
    "complex_pde": 0.3617165982723236,
    "complex_ipde": 0.0,
    "chains_ptm": {
        "0": 0.864949107170105
    },
    "pair_chains_iptm": {
        "0": {
            "0": 0.864949107170105
        }
    }
}