{
    "confidence_score": 0.906755268573761,
    "ptm": 0.8826432824134827,
    "iptm": 0.0,
    "ligand_iptm": 0.0,
    "protein_iptm": 0.0,
    "complex_plddt": 0.9127832055091858,
    "complex_iplddt": 0.0,
    "complex_pde": 0.35131028294563293,
    "complex_ipde": 0.0,
    "chains_ptm": {
        "0": 0.8826432824134827
    },
    "pair_chains_iptm": {
        "0": {
            "0": 0.8826432824134827
        }
    }
}