{
    "confidence_score": 0.898989200592041,
    "ptm": 0.8628125786781311,
    "iptm": 0.0,
    "ligand_iptm": 0.0,
    "protein_iptm": 0.0,
    "complex_plddt": 0.9080333709716797,
    "complex_iplddt": 0.0,
    "complex_pde": 0.36939674615859985,
    "complex_ipde": 0.0,
    "chains_ptm": {
        "0": 0.8628125786781311
    },
    "pair_chains_iptm": {
        "0": {
            "0": 0.8628125786781311
        }
    }
}