{
  "aggregate_score": 0.17806623876094818,
  "ptm": 0.8903311491012573,
  "iptm": 0.0,
  "per_chain_ptm": 0.8903311491012573,
  "per_chain_pair_iptm": 0.8903311491012573,
  "has_inter_chain_clashes": false,
  "chain_chain_clashes": 0
}