{
    "plddt": 81.45787811279297,
    "gpde": 0.8531824350357056,
    "ptm": 0.7320944666862488,
    "iptm": 0.0,
    "chain_gpde": [
        0.8531824350357056
    ],
    "chain_pair_gpde": [
        [
            0.0
        ]
    ],
    "chain_ptm": [
        0.7320944666862488
    ],
    "chain_iptm": [
        0.0
    ],
    "chain_pair_iptm": [
        [
            0.0
        ]
    ],
    "chain_pair_iptm_global": [
        [
            0.0
        ]
    ],
    "chain_plddt": [
        0.8145787715911865
    ],
    "chain_pair_plddt": [
        [
            0.0
        ]
    ],
    "has_clash": false,
    "disorder": 0.0,
    "ranking_score": 0.14641889929771423,
    "num_recycles": 10
}