{
    "confidence_score": 0.913740336894989,
    "ptm": 0.9062240123748779,
    "iptm": 0.0,
    "ligand_iptm": 0.0,
    "protein_iptm": 0.0,
    "complex_plddt": 0.9156193733215332,
    "complex_iplddt": 0.0,
    "complex_pde": 0.38193753361701965,
    "complex_ipde": 0.0,
    "chains_ptm": {
        "0": 0.9062240123748779
    },
    "pair_chains_iptm": {
        "0": {
            "0": 0.9062240123748779
        }
    }
}