{
    "confidence_score": 0.9128111004829407,
    "ptm": 0.9031961560249329,
    "iptm": 0.0,
    "ligand_iptm": 0.0,
    "protein_iptm": 0.0,
    "complex_plddt": 0.9152148365974426,
    "complex_iplddt": 0.0,
    "complex_pde": 0.3776133060455322,
    "complex_ipde": 0.0,
    "chains_ptm": {
        "0": 0.9031961560249329
    },
    "pair_chains_iptm": {
        "0": {
            "0": 0.9031961560249329
        }
    }
}