{
    "plddt": 92.86146545410156,
    "gpde": 0.31771668791770935,
    "ptm": 0.9252866506576538,
    "iptm": 0.0,
    "chain_gpde": [
        0.31771668791770935
    ],
    "chain_pair_gpde": [
        [
            0.0
        ]
    ],
    "chain_ptm": [
        0.9252866506576538
    ],
    "chain_iptm": [
        0.0
    ],
    "chain_pair_iptm": [
        [
            0.0
        ]
    ],
    "chain_pair_iptm_global": [
        [
            0.0
        ]
    ],
    "chain_plddt": [
        0.928614616394043
    ],
    "chain_pair_plddt": [
        [
            0.0
        ]
    ],
    "has_clash": false,
    "disorder": 0.0,
    "ranking_score": 0.18505732715129852,
    "num_recycles": 10
}