{
    "plddt": 74.31535339355469,
    "gpde": 1.0171383619308472,
    "ptm": 0.4946954846382141,
    "iptm": 0.0,
    "chain_gpde": [
        1.0171383619308472
    ],
    "chain_pair_gpde": [
        [
            0.0
        ]
    ],
    "chain_ptm": [
        0.4946954846382141
    ],
    "chain_iptm": [
        0.0
    ],
    "chain_pair_iptm": [
        [
            0.0
        ]
    ],
    "chain_pair_iptm_global": [
        [
            0.0
        ]
    ],
    "chain_plddt": [
        0.7431535720825195
    ],
    "chain_pair_plddt": [
        [
            0.0
        ]
    ],
    "has_clash": false,
    "disorder": 0.0,
    "ranking_score": 0.09893909841775894,
    "num_recycles": 10
}