{
    "plddt": 70.85304260253906,
    "gpde": 1.117829442024231,
    "ptm": 0.42042237520217896,
    "iptm": 0.0,
    "chain_gpde": [
        1.117829442024231
    ],
    "chain_pair_gpde": [
        [
            0.0
        ]
    ],
    "chain_ptm": [
        0.42042237520217896
    ],
    "chain_iptm": [
        0.0
    ],
    "chain_pair_iptm": [
        [
            0.0
        ]
    ],
    "chain_pair_iptm_global": [
        [
            0.0
        ]
    ],
    "chain_plddt": [
        0.7085304260253906
    ],
    "chain_pair_plddt": [
        [
            0.0
        ]
    ],
    "has_clash": false,
    "disorder": 0.0,
    "ranking_score": 0.08408447355031967,
    "num_recycles": 10
}