{
    "plddt": 74.19743347167969,
    "gpde": 1.028709888458252,
    "ptm": 0.4885394871234894,
    "iptm": 0.0,
    "chain_gpde": [
        1.028709888458252
    ],
    "chain_pair_gpde": [
        [
            0.0
        ]
    ],
    "chain_ptm": [
        0.4885394871234894
    ],
    "chain_iptm": [
        0.0
    ],
    "chain_pair_iptm": [
        [
            0.0
        ]
    ],
    "chain_pair_iptm_global": [
        [
            0.0
        ]
    ],
    "chain_plddt": [
        0.7419743537902832
    ],
    "chain_pair_plddt": [
        [
            0.0
        ]
    ],
    "has_clash": false,
    "disorder": 0.0,
    "ranking_score": 0.09770789742469788,
    "num_recycles": 10
}