{
  "aggregate_score": 0.18228627741336823,
  "ptm": 0.9114313721656799,
  "iptm": 0.0,
  "per_chain_ptm": 0.9114313721656799,
  "per_chain_pair_iptm": 0.9114313721656799,
  "has_inter_chain_clashes": false,
  "chain_chain_clashes": 0
}