{
  "aggregate_score": 0.1830301284790039,
  "ptm": 0.9151506423950195,
  "iptm": 0.0,
  "per_chain_ptm": 0.9151506423950195,
  "per_chain_pair_iptm": 0.9151506423950195,
  "has_inter_chain_clashes": false,
  "chain_chain_clashes": 0
}