{
  "aggregate_score": 0.1822284311056137,
  "ptm": 0.911142110824585,
  "iptm": 0.0,
  "per_chain_ptm": 0.911142110824585,
  "per_chain_pair_iptm": 0.911142110824585,
  "has_inter_chain_clashes": false,
  "chain_chain_clashes": 0
}