{
  "aggregate_score": 0.1822795271873474,
  "ptm": 0.9113976359367371,
  "iptm": 0.0,
  "per_chain_ptm": 0.9113976359367371,
  "per_chain_pair_iptm": 0.9113976359367371,
  "has_inter_chain_clashes": false,
  "chain_chain_clashes": 0
}