{
    "confidence_score": 0.8445901274681091,
    "ptm": 0.6820961833000183,
    "iptm": 0.0,
    "ligand_iptm": 0.0,
    "protein_iptm": 0.0,
    "complex_plddt": 0.8852135539054871,
    "complex_iplddt": 0.0,
    "complex_pde": 0.5686506628990173,
    "complex_ipde": 0.0,
    "chains_ptm": {
        "0": 0.6820961833000183
    },
    "pair_chains_iptm": {
        "0": {
            "0": 0.6820961833000183
        }
    }
}