{
    "confidence_score": 0.8135620355606079,
    "ptm": 0.5686742067337036,
    "iptm": 0.0,
    "ligand_iptm": 0.0,
    "protein_iptm": 0.0,
    "complex_plddt": 0.8747839331626892,
    "complex_iplddt": 0.0,
    "complex_pde": 0.6341844797134399,
    "complex_ipde": 0.0,
    "chains_ptm": {
        "0": 0.5686742067337036
    },
    "pair_chains_iptm": {
        "0": {
            "0": 0.5686742067337036
        }
    }
}