{
  "aggregate_score": 0.1702965795993805,
  "ptm": 0.8514828681945801,
  "iptm": 0.0,
  "per_chain_ptm": 0.8514828681945801,
  "per_chain_pair_iptm": 0.8514828681945801,
  "has_inter_chain_clashes": false,
  "chain_chain_clashes": 0
}