{
  "aggregate_score": 0.17026615142822266,
  "ptm": 0.8513307571411133,
  "iptm": 0.0,
  "per_chain_ptm": 0.8513307571411133,
  "per_chain_pair_iptm": 0.8513307571411133,
  "has_inter_chain_clashes": false,
  "chain_chain_clashes": 0
}