{
  "aggregate_score": 0.17042569816112518,
  "ptm": 0.8521284461021423,
  "iptm": 0.0,
  "per_chain_ptm": 0.8521284461021423,
  "per_chain_pair_iptm": 0.8521284461021423,
  "has_inter_chain_clashes": false,
  "chain_chain_clashes": 0
}