{
  "aggregate_score": 0.1736445128917694,
  "ptm": 0.8682225346565247,
  "iptm": 0.0,
  "per_chain_ptm": 0.8682225346565247,
  "per_chain_pair_iptm": 0.8682225346565247,
  "has_inter_chain_clashes": false,
  "chain_chain_clashes": 0
}