{
  "aggregate_score": 0.1737995445728302,
  "ptm": 0.8689976930618286,
  "iptm": 0.0,
  "per_chain_ptm": 0.8689976930618286,
  "per_chain_pair_iptm": 0.8689976930618286,
  "has_inter_chain_clashes": false,
  "chain_chain_clashes": 0
}