{
  "aggregate_score": 0.17375198006629944,
  "ptm": 0.8687598705291748,
  "iptm": 0.0,
  "per_chain_ptm": 0.8687598705291748,
  "per_chain_pair_iptm": 0.8687598705291748,
  "has_inter_chain_clashes": false,
  "chain_chain_clashes": 0
}