{
    "plddt": 89.56199645996094,
    "gpde": 0.43734315037727356,
    "ptm": 0.5764878392219543,
    "iptm": 0.0,
    "chain_gpde": [
        0.43734315037727356
    ],
    "chain_pair_gpde": [
        [
            0.0
        ]
    ],
    "chain_ptm": [
        0.5764878392219543
    ],
    "chain_iptm": [
        0.0
    ],
    "chain_pair_iptm": [
        [
            0.0
        ]
    ],
    "chain_pair_iptm_global": [
        [
            0.0
        ]
    ],
    "chain_plddt": [
        0.8956199884414673
    ],
    "chain_pair_plddt": [
        [
            0.0
        ]
    ],
    "has_clash": false,
    "disorder": 0.0,
    "ranking_score": 0.11529757082462311,
    "num_recycles": 10
}