{
    "plddt": 88.71269226074219,
    "gpde": 0.4393829107284546,
    "ptm": 0.8804992437362671,
    "iptm": 0.0,
    "chain_gpde": [
        0.4393829107284546
    ],
    "chain_pair_gpde": [
        [
            0.0
        ]
    ],
    "chain_ptm": [
        0.8804992437362671
    ],
    "chain_iptm": [
        0.0
    ],
    "chain_pair_iptm": [
        [
            0.0
        ]
    ],
    "chain_pair_iptm_global": [
        [
            0.0
        ]
    ],
    "chain_plddt": [
        0.8871269226074219
    ],
    "chain_pair_plddt": [
        [
            0.0
        ]
    ],
    "has_clash": false,
    "disorder": 0.0,
    "ranking_score": 0.17609985172748566,
    "num_recycles": 10
}