{
  "aggregate_score": 0.1643362045288086,
  "ptm": 0.821681022644043,
  "iptm": 0.0,
  "per_chain_ptm": 0.821681022644043,
  "per_chain_pair_iptm": 0.821681022644043,
  "has_inter_chain_clashes": false,
  "chain_chain_clashes": 0
}