{
  "aggregate_score": 0.1647639274597168,
  "ptm": 0.823819637298584,
  "iptm": 0.0,
  "per_chain_ptm": 0.823819637298584,
  "per_chain_pair_iptm": 0.823819637298584,
  "has_inter_chain_clashes": false,
  "chain_chain_clashes": 1
}