{
  "aggregate_score": 0.16651484370231628,
  "ptm": 0.832574188709259,
  "iptm": 0.0,
  "per_chain_ptm": 0.832574188709259,
  "per_chain_pair_iptm": 0.832574188709259,
  "has_inter_chain_clashes": false,
  "chain_chain_clashes": 0
}