{
    "plddt": 89.96363830566406,
    "gpde": 0.440501868724823,
    "ptm": 0.9229323267936707,
    "iptm": 0.0,
    "chain_gpde": [
        0.440501868724823
    ],
    "chain_pair_gpde": [
        [
            0.0
        ]
    ],
    "chain_ptm": [
        0.9229323267936707
    ],
    "chain_iptm": [
        0.0
    ],
    "chain_pair_iptm": [
        [
            0.0
        ]
    ],
    "chain_pair_iptm_global": [
        [
            0.0
        ]
    ],
    "chain_plddt": [
        0.8996363878250122
    ],
    "chain_pair_plddt": [
        [
            0.0
        ]
    ],
    "has_clash": false,
    "disorder": 0.0,
    "ranking_score": 0.18458646535873413,
    "num_recycles": 10
}