{
  "aggregate_score": 0.09419544041156769,
  "ptm": 0.47097718715667725,
  "iptm": 0.0,
  "per_chain_ptm": 0.47097718715667725,
  "per_chain_pair_iptm": 0.47097718715667725,
  "has_inter_chain_clashes": false,
  "chain_chain_clashes": 0
}