{
  "aggregate_score": 0.09406083077192307,
  "ptm": 0.47030413150787354,
  "iptm": 0.0,
  "per_chain_ptm": 0.47030413150787354,
  "per_chain_pair_iptm": 0.47030413150787354,
  "has_inter_chain_clashes": false,
  "chain_chain_clashes": 0
}