{
    "confidence_score": 0.9136106371879578,
    "ptm": 0.9047333598136902,
    "iptm": 0.0,
    "ligand_iptm": 0.0,
    "protein_iptm": 0.0,
    "complex_plddt": 0.9158299565315247,
    "complex_iplddt": 0.0,
    "complex_pde": 0.3741355538368225,
    "complex_ipde": 0.0,
    "chains_ptm": {
        "0": 0.9047333598136902
    },
    "pair_chains_iptm": {
        "0": {
            "0": 0.9047333598136902
        }
    }
}