{
    "confidence_score": 0.9103843569755554,
    "ptm": 0.8999576568603516,
    "iptm": 0.0,
    "ligand_iptm": 0.0,
    "protein_iptm": 0.0,
    "complex_plddt": 0.9129910469055176,
    "complex_iplddt": 0.0,
    "complex_pde": 0.38238659501075745,
    "complex_ipde": 0.0,
    "chains_ptm": {
        "0": 0.8999576568603516
    },
    "pair_chains_iptm": {
        "0": {
            "0": 0.8999576568603516
        }
    }
}