{
    "confidence_score": 0.9121940732002258,
    "ptm": 0.9021918773651123,
    "iptm": 0.0,
    "ligand_iptm": 0.0,
    "protein_iptm": 0.0,
    "complex_plddt": 0.914694607257843,
    "complex_iplddt": 0.0,
    "complex_pde": 0.385405033826828,
    "complex_ipde": 0.0,
    "chains_ptm": {
        "0": 0.9021918773651123
    },
    "pair_chains_iptm": {
        "0": {
            "0": 0.9021918773651123
        }
    }
}