{
    "plddt": 83.99452209472656,
    "gpde": 0.6440372467041016,
    "ptm": 0.6794641017913818,
    "iptm": 0.0,
    "chain_gpde": [
        0.6440372467041016
    ],
    "chain_pair_gpde": [
        [
            0.0
        ]
    ],
    "chain_ptm": [
        0.6794641017913818
    ],
    "chain_iptm": [
        0.0
    ],
    "chain_pair_iptm": [
        [
            0.0
        ]
    ],
    "chain_pair_iptm_global": [
        [
            0.0
        ]
    ],
    "chain_plddt": [
        0.8399451971054077
    ],
    "chain_pair_plddt": [
        [
            0.0
        ]
    ],
    "has_clash": false,
    "disorder": 0.0,
    "ranking_score": 0.1358928233385086,
    "num_recycles": 10
}