{
    "plddt": 87.27718353271484,
    "gpde": 0.46660202741622925,
    "ptm": 0.6186888813972473,
    "iptm": 0.0,
    "chain_gpde": [
        0.46660202741622925
    ],
    "chain_pair_gpde": [
        [
            0.0
        ]
    ],
    "chain_ptm": [
        0.6186888813972473
    ],
    "chain_iptm": [
        0.0
    ],
    "chain_pair_iptm": [
        [
            0.0
        ]
    ],
    "chain_pair_iptm_global": [
        [
            0.0
        ]
    ],
    "chain_plddt": [
        0.8727717995643616
    ],
    "chain_pair_plddt": [
        [
            0.0
        ]
    ],
    "has_clash": false,
    "disorder": 0.0,
    "ranking_score": 0.12373777478933334,
    "num_recycles": 10
}