{
    "plddt": 87.37156677246094,
    "gpde": 0.46149230003356934,
    "ptm": 0.6314660906791687,
    "iptm": 0.0,
    "chain_gpde": [
        0.46149230003356934
    ],
    "chain_pair_gpde": [
        [
            0.0
        ]
    ],
    "chain_ptm": [
        0.6314660906791687
    ],
    "chain_iptm": [
        0.0
    ],
    "chain_pair_iptm": [
        [
            0.0
        ]
    ],
    "chain_pair_iptm_global": [
        [
            0.0
        ]
    ],
    "chain_plddt": [
        0.8737156391143799
    ],
    "chain_pair_plddt": [
        [
            0.0
        ]
    ],
    "has_clash": false,
    "disorder": 0.0,
    "ranking_score": 0.12629322707653046,
    "num_recycles": 10
}