{
    "plddt": 86.06094360351562,
    "gpde": 0.6738895773887634,
    "ptm": 0.6340903639793396,
    "iptm": 0.0,
    "chain_gpde": [
        0.6738895773887634
    ],
    "chain_pair_gpde": [
        [
            0.0
        ]
    ],
    "chain_ptm": [
        0.6340903639793396
    ],
    "chain_iptm": [
        0.0
    ],
    "chain_pair_iptm": [
        [
            0.0
        ]
    ],
    "chain_pair_iptm_global": [
        [
            0.0
        ]
    ],
    "chain_plddt": [
        0.8606094717979431
    ],
    "chain_pair_plddt": [
        [
            0.0
        ]
    ],
    "has_clash": false,
    "disorder": 0.0,
    "ranking_score": 0.12681807577610016,
    "num_recycles": 10
}