{
    "plddt": 86.30473327636719,
    "gpde": 0.6635385155677795,
    "ptm": 0.6290073394775391,
    "iptm": 0.0,
    "chain_gpde": [
        0.6635385155677795
    ],
    "chain_pair_gpde": [
        [
            0.0
        ]
    ],
    "chain_ptm": [
        0.6290073394775391
    ],
    "chain_iptm": [
        0.0
    ],
    "chain_pair_iptm": [
        [
            0.0
        ]
    ],
    "chain_pair_iptm_global": [
        [
            0.0
        ]
    ],
    "chain_plddt": [
        0.8630473613739014
    ],
    "chain_pair_plddt": [
        [
            0.0
        ]
    ],
    "has_clash": false,
    "disorder": 0.0,
    "ranking_score": 0.1258014738559723,
    "num_recycles": 10
}