{
    "plddt": 86.78993225097656,
    "gpde": 0.4875342845916748,
    "ptm": 0.6812403798103333,
    "iptm": 0.0,
    "chain_gpde": [
        0.4875342845916748
    ],
    "chain_pair_gpde": [
        [
            0.0
        ]
    ],
    "chain_ptm": [
        0.6812403798103333
    ],
    "chain_iptm": [
        0.0
    ],
    "chain_pair_iptm": [
        [
            0.0
        ]
    ],
    "chain_pair_iptm_global": [
        [
            0.0
        ]
    ],
    "chain_plddt": [
        0.8678992986679077
    ],
    "chain_pair_plddt": [
        [
            0.0
        ]
    ],
    "has_clash": false,
    "disorder": 0.0,
    "ranking_score": 0.13624808192253113,
    "num_recycles": 10
}