{
    "plddt": 86.65229797363281,
    "gpde": 0.49079716205596924,
    "ptm": 0.6775379776954651,
    "iptm": 0.0,
    "chain_gpde": [
        0.49079716205596924
    ],
    "chain_pair_gpde": [
        [
            0.0
        ]
    ],
    "chain_ptm": [
        0.6775379776954651
    ],
    "chain_iptm": [
        0.0
    ],
    "chain_pair_iptm": [
        [
            0.0
        ]
    ],
    "chain_pair_iptm_global": [
        [
            0.0
        ]
    ],
    "chain_plddt": [
        0.8665229678153992
    ],
    "chain_pair_plddt": [
        [
            0.0
        ]
    ],
    "has_clash": false,
    "disorder": 0.0,
    "ranking_score": 0.13550759851932526,
    "num_recycles": 10
}