{
    "plddt": 86.65789031982422,
    "gpde": 0.48829880356788635,
    "ptm": 0.6809002161026001,
    "iptm": 0.0,
    "chain_gpde": [
        0.48829880356788635
    ],
    "chain_pair_gpde": [
        [
            0.0
        ]
    ],
    "chain_ptm": [
        0.6809002161026001
    ],
    "chain_iptm": [
        0.0
    ],
    "chain_pair_iptm": [
        [
            0.0
        ]
    ],
    "chain_pair_iptm_global": [
        [
            0.0
        ]
    ],
    "chain_plddt": [
        0.8665788769721985
    ],
    "chain_pair_plddt": [
        [
            0.0
        ]
    ],
    "has_clash": false,
    "disorder": 0.0,
    "ranking_score": 0.13618004322052002,
    "num_recycles": 10
}