{
    "plddt": 86.7540283203125,
    "gpde": 0.4872673749923706,
    "ptm": 0.6799788475036621,
    "iptm": 0.0,
    "chain_gpde": [
        0.4872673749923706
    ],
    "chain_pair_gpde": [
        [
            0.0
        ]
    ],
    "chain_ptm": [
        0.6799788475036621
    ],
    "chain_iptm": [
        0.0
    ],
    "chain_pair_iptm": [
        [
            0.0
        ]
    ],
    "chain_pair_iptm_global": [
        [
            0.0
        ]
    ],
    "chain_plddt": [
        0.8675402998924255
    ],
    "chain_pair_plddt": [
        [
            0.0
        ]
    ],
    "has_clash": false,
    "disorder": 0.0,
    "ranking_score": 0.1359957754611969,
    "num_recycles": 10
}