{
    "plddt": 86.84243774414062,
    "gpde": 0.4851606786251068,
    "ptm": 0.6856258511543274,
    "iptm": 0.0,
    "chain_gpde": [
        0.4851606786251068
    ],
    "chain_pair_gpde": [
        [
            0.0
        ]
    ],
    "chain_ptm": [
        0.6856258511543274
    ],
    "chain_iptm": [
        0.0
    ],
    "chain_pair_iptm": [
        [
            0.0
        ]
    ],
    "chain_pair_iptm_global": [
        [
            0.0
        ]
    ],
    "chain_plddt": [
        0.8684243559837341
    ],
    "chain_pair_plddt": [
        [
            0.0
        ]
    ],
    "has_clash": false,
    "disorder": 0.0,
    "ranking_score": 0.1371251791715622,
    "num_recycles": 10
}