{
    "confidence_score": 0.7770012617111206,
    "ptm": 0.5298261642456055,
    "iptm": 0.0,
    "ligand_iptm": 0.0,
    "protein_iptm": 0.0,
    "complex_plddt": 0.838795006275177,
    "complex_iplddt": 0.0,
    "complex_pde": 0.6077926158905029,
    "complex_ipde": 0.0,
    "chains_ptm": {
        "0": 0.5298261642456055
    },
    "pair_chains_iptm": {
        "0": {
            "0": 0.5298261642456055
        }
    }
}