{
    "confidence_score": 0.849083423614502,
    "ptm": 0.8469814658164978,
    "iptm": 0.0,
    "ligand_iptm": 0.0,
    "protein_iptm": 0.0,
    "complex_plddt": 0.8496089577674866,
    "complex_iplddt": 0.0,
    "complex_pde": 0.46715274453163147,
    "complex_ipde": 0.0,
    "chains_ptm": {
        "0": 0.8469814658164978
    },
    "pair_chains_iptm": {
        "0": {
            "0": 0.8469814658164978
        }
    }
}