{
    "confidence_score": 0.8507365584373474,
    "ptm": 0.8523185849189758,
    "iptm": 0.0,
    "ligand_iptm": 0.0,
    "protein_iptm": 0.0,
    "complex_plddt": 0.8503410220146179,
    "complex_iplddt": 0.0,
    "complex_pde": 0.4493224322795868,
    "complex_ipde": 0.0,
    "chains_ptm": {
        "0": 0.8523185849189758
    },
    "pair_chains_iptm": {
        "0": {
            "0": 0.8523185849189758
        }
    }
}