{
    "confidence_score": 0.847287654876709,
    "ptm": 0.8497923016548157,
    "iptm": 0.0,
    "ligand_iptm": 0.0,
    "protein_iptm": 0.0,
    "complex_plddt": 0.8466615080833435,
    "complex_iplddt": 0.0,
    "complex_pde": 0.4560609757900238,
    "complex_ipde": 0.0,
    "chains_ptm": {
        "0": 0.8497923016548157
    },
    "pair_chains_iptm": {
        "0": {
            "0": 0.8497923016548157
        }
    }
}