{
    "confidence_score": 0.622409462928772,
    "ptm": 0.42883121967315674,
    "iptm": 0.0,
    "ligand_iptm": 0.0,
    "protein_iptm": 0.0,
    "complex_plddt": 0.670803964138031,
    "complex_iplddt": 0.0,
    "complex_pde": 2.394773483276367,
    "complex_ipde": 0.0,
    "chains_ptm": {
        "0": 0.42883121967315674
    },
    "pair_chains_iptm": {
        "0": {
            "0": 0.42883121967315674
        }
    }
}