{
    "confidence_score": 0.6290289759635925,
    "ptm": 0.4398898780345917,
    "iptm": 0.0,
    "ligand_iptm": 0.0,
    "protein_iptm": 0.0,
    "complex_plddt": 0.6763136982917786,
    "complex_iplddt": 0.0,
    "complex_pde": 2.28293514251709,
    "complex_ipde": 0.0,
    "chains_ptm": {
        "0": 0.4398898780345917
    },
    "pair_chains_iptm": {
        "0": {
            "0": 0.4398898780345917
        }
    }
}