{
    "confidence_score": 0.8861984610557556,
    "ptm": 0.8559096455574036,
    "iptm": 0.0,
    "ligand_iptm": 0.0,
    "protein_iptm": 0.0,
    "complex_plddt": 0.8937705755233765,
    "complex_iplddt": 0.0,
    "complex_pde": 0.45391109585762024,
    "complex_ipde": 0.0,
    "chains_ptm": {
        "0": 0.8559096455574036
    },
    "pair_chains_iptm": {
        "0": {
            "0": 0.8559096455574036
        }
    }
}