{
    "confidence_score": 0.81382817029953,
    "ptm": 0.6113373637199402,
    "iptm": 0.0,
    "ligand_iptm": 0.0,
    "protein_iptm": 0.0,
    "complex_plddt": 0.8644509315490723,
    "complex_iplddt": 0.0,
    "complex_pde": 0.5839027166366577,
    "complex_ipde": 0.0,
    "chains_ptm": {
        "0": 0.6113373637199402
    },
    "pair_chains_iptm": {
        "0": {
            "0": 0.6113373637199402
        }
    }
}