{
    "confidence_score": 0.8115891814231873,
    "ptm": 0.6036926507949829,
    "iptm": 0.0,
    "ligand_iptm": 0.0,
    "protein_iptm": 0.0,
    "complex_plddt": 0.8635632991790771,
    "complex_iplddt": 0.0,
    "complex_pde": 0.6348268389701843,
    "complex_ipde": 0.0,
    "chains_ptm": {
        "0": 0.6036926507949829
    },
    "pair_chains_iptm": {
        "0": {
            "0": 0.6036926507949829
        }
    }
}