{
    "confidence_score": 0.8129621744155884,
    "ptm": 0.6076236367225647,
    "iptm": 0.0,
    "ligand_iptm": 0.0,
    "protein_iptm": 0.0,
    "complex_plddt": 0.8642967343330383,
    "complex_iplddt": 0.0,
    "complex_pde": 0.6163483262062073,
    "complex_ipde": 0.0,
    "chains_ptm": {
        "0": 0.6076236367225647
    },
    "pair_chains_iptm": {
        "0": {
            "0": 0.6076236367225647
        }
    }
}