{
    "confidence_score": 0.8113953471183777,
    "ptm": 0.6086529493331909,
    "iptm": 0.0,
    "ligand_iptm": 0.0,
    "protein_iptm": 0.0,
    "complex_plddt": 0.8620809316635132,
    "complex_iplddt": 0.0,
    "complex_pde": 0.587915301322937,
    "complex_ipde": 0.0,
    "chains_ptm": {
        "0": 0.6086529493331909
    },
    "pair_chains_iptm": {
        "0": {
            "0": 0.6086529493331909
        }
    }
}