{
    "confidence_score": 0.8122825622558594,
    "ptm": 0.6031594276428223,
    "iptm": 0.0,
    "ligand_iptm": 0.0,
    "protein_iptm": 0.0,
    "complex_plddt": 0.8645632863044739,
    "complex_iplddt": 0.0,
    "complex_pde": 0.6239294409751892,
    "complex_ipde": 0.0,
    "chains_ptm": {
        "0": 0.6031594276428223
    },
    "pair_chains_iptm": {
        "0": {
            "0": 0.6031594276428223
        }
    }
}