{
    "plddt": 86.31330108642578,
    "gpde": 0.6694516539573669,
    "ptm": 0.6334832906723022,
    "iptm": 0.0,
    "chain_gpde": [
        0.6694516539573669
    ],
    "chain_pair_gpde": [
        [
            0.0
        ]
    ],
    "chain_ptm": [
        0.6334832906723022
    ],
    "chain_iptm": [
        0.0
    ],
    "chain_pair_iptm": [
        [
            0.0
        ]
    ],
    "chain_pair_iptm_global": [
        [
            0.0
        ]
    ],
    "chain_plddt": [
        0.8631330132484436
    ],
    "chain_pair_plddt": [
        [
            0.0
        ]
    ],
    "has_clash": false,
    "disorder": 0.0,
    "ranking_score": 0.1266966611146927,
    "num_recycles": 10
}