{
    "plddt": 86.49893188476562,
    "gpde": 0.6586024761199951,
    "ptm": 0.6331456899642944,
    "iptm": 0.0,
    "chain_gpde": [
        0.6586024761199951
    ],
    "chain_pair_gpde": [
        [
            0.0
        ]
    ],
    "chain_ptm": [
        0.6331456899642944
    ],
    "chain_iptm": [
        0.0
    ],
    "chain_pair_iptm": [
        [
            0.0
        ]
    ],
    "chain_pair_iptm_global": [
        [
            0.0
        ]
    ],
    "chain_plddt": [
        0.8649893403053284
    ],
    "chain_pair_plddt": [
        [
            0.0
        ]
    ],
    "has_clash": false,
    "disorder": 0.0,
    "ranking_score": 0.12662914395332336,
    "num_recycles": 10
}