{
    "confidence_score": 0.8879656791687012,
    "ptm": 0.8783538937568665,
    "iptm": 0.0,
    "ligand_iptm": 0.0,
    "protein_iptm": 0.0,
    "complex_plddt": 0.8903685808181763,
    "complex_iplddt": 0.0,
    "complex_pde": 0.6112813949584961,
    "complex_ipde": 0.0,
    "chains_ptm": {
        "0": 0.8783538937568665
    },
    "pair_chains_iptm": {
        "0": {
            "0": 0.8783538937568665
        }
    }
}