{
    "confidence_score": 0.8876467943191528,
    "ptm": 0.8780614733695984,
    "iptm": 0.0,
    "ligand_iptm": 0.0,
    "protein_iptm": 0.0,
    "complex_plddt": 0.8900431394577026,
    "complex_iplddt": 0.0,
    "complex_pde": 0.6106863021850586,
    "complex_ipde": 0.0,
    "chains_ptm": {
        "0": 0.8780614733695984
    },
    "pair_chains_iptm": {
        "0": {
            "0": 0.8780614733695984
        }
    }
}