{
    "plddt": 67.62117004394531,
    "gpde": 1.730870246887207,
    "ptm": 0.4745188057422638,
    "iptm": 0.0,
    "chain_gpde": [
        1.730870246887207
    ],
    "chain_pair_gpde": [
        [
            0.0
        ]
    ],
    "chain_ptm": [
        0.4745188057422638
    ],
    "chain_iptm": [
        0.0
    ],
    "chain_pair_iptm": [
        [
            0.0
        ]
    ],
    "chain_pair_iptm_global": [
        [
            0.0
        ]
    ],
    "chain_plddt": [
        0.6762117147445679
    ],
    "chain_pair_plddt": [
        [
            0.0
        ]
    ],
    "has_clash": false,
    "disorder": 0.0,
    "ranking_score": 0.09490375965833664,
    "num_recycles": 10
}