{
    "plddt": 67.74007415771484,
    "gpde": 1.7070157527923584,
    "ptm": 0.4769659638404846,
    "iptm": 0.0,
    "chain_gpde": [
        1.7070157527923584
    ],
    "chain_pair_gpde": [
        [
            0.0
        ]
    ],
    "chain_ptm": [
        0.4769659638404846
    ],
    "chain_iptm": [
        0.0
    ],
    "chain_pair_iptm": [
        [
            0.0
        ]
    ],
    "chain_pair_iptm_global": [
        [
            0.0
        ]
    ],
    "chain_plddt": [
        0.6774007081985474
    ],
    "chain_pair_plddt": [
        [
            0.0
        ]
    ],
    "has_clash": false,
    "disorder": 0.0,
    "ranking_score": 0.09539319574832916,
    "num_recycles": 10
}