{
  "aggregate_score": 0.18752703070640564,
  "ptm": 0.9376351237297058,
  "iptm": 0.0,
  "per_chain_ptm": 0.9376351237297058,
  "per_chain_pair_iptm": 0.9376351237297058,
  "has_inter_chain_clashes": false,
  "chain_chain_clashes": 0
}