{
    "plddt": 87.8249740600586,
    "gpde": 0.4806421995162964,
    "ptm": 0.8317921161651611,
    "iptm": 0.0,
    "chain_gpde": [
        0.4806421995162964
    ],
    "chain_pair_gpde": [
        [
            0.0
        ]
    ],
    "chain_ptm": [
        0.8317921161651611
    ],
    "chain_iptm": [
        0.0
    ],
    "chain_pair_iptm": [
        [
            0.0
        ]
    ],
    "chain_pair_iptm_global": [
        [
            0.0
        ]
    ],
    "chain_plddt": [
        0.8782497048377991
    ],
    "chain_pair_plddt": [
        [
            0.0
        ]
    ],
    "has_clash": false,
    "disorder": 0.0,
    "ranking_score": 0.16635842621326447,
    "num_recycles": 10
}