{
    "plddt": 67.57996368408203,
    "gpde": 1.7068017721176147,
    "ptm": 0.4753589928150177,
    "iptm": 0.0,
    "chain_gpde": [
        1.7068017721176147
    ],
    "chain_pair_gpde": [
        [
            0.0
        ]
    ],
    "chain_ptm": [
        0.4753589928150177
    ],
    "chain_iptm": [
        0.0
    ],
    "chain_pair_iptm": [
        [
            0.0
        ]
    ],
    "chain_pair_iptm_global": [
        [
            0.0
        ]
    ],
    "chain_plddt": [
        0.6757996678352356
    ],
    "chain_pair_plddt": [
        [
            0.0
        ]
    ],
    "has_clash": false,
    "disorder": 0.0,
    "ranking_score": 0.09507180005311966,
    "num_recycles": 10
}