{
    "plddt": 85.45948791503906,
    "gpde": 0.5361648201942444,
    "ptm": 0.7075765132904053,
    "iptm": 0.0,
    "chain_gpde": [
        0.5361648201942444
    ],
    "chain_pair_gpde": [
        [
            0.0
        ]
    ],
    "chain_ptm": [
        0.7075765132904053
    ],
    "chain_iptm": [
        0.0
    ],
    "chain_pair_iptm": [
        [
            0.0
        ]
    ],
    "chain_pair_iptm_global": [
        [
            0.0
        ]
    ],
    "chain_plddt": [
        0.854594886302948
    ],
    "chain_pair_plddt": [
        [
            0.0
        ]
    ],
    "has_clash": false,
    "disorder": 0.0,
    "ranking_score": 0.14151529967784882,
    "num_recycles": 10
}