{
    "plddt": 85.69391632080078,
    "gpde": 0.5301488041877747,
    "ptm": 0.7110480070114136,
    "iptm": 0.0,
    "chain_gpde": [
        0.5301488041877747
    ],
    "chain_pair_gpde": [
        [
            0.0
        ]
    ],
    "chain_ptm": [
        0.7110480070114136
    ],
    "chain_iptm": [
        0.0
    ],
    "chain_pair_iptm": [
        [
            0.0
        ]
    ],
    "chain_pair_iptm_global": [
        [
            0.0
        ]
    ],
    "chain_plddt": [
        0.8569391369819641
    ],
    "chain_pair_plddt": [
        [
            0.0
        ]
    ],
    "has_clash": false,
    "disorder": 0.0,
    "ranking_score": 0.14220960438251495,
    "num_recycles": 10
}