{
  "aggregate_score": 0.16170738637447357,
  "ptm": 0.808536946773529,
  "iptm": 0.0,
  "per_chain_ptm": 0.808536946773529,
  "per_chain_pair_iptm": 0.808536946773529,
  "has_inter_chain_clashes": false,
  "chain_chain_clashes": 0
}