{
  "aggregate_score": 0.16062204539775848,
  "ptm": 0.8031101822853088,
  "iptm": 0.0,
  "per_chain_ptm": 0.8031101822853088,
  "per_chain_pair_iptm": 0.8031101822853088,
  "has_inter_chain_clashes": false,
  "chain_chain_clashes": 0
}