{
    "confidence_score": 0.6397852301597595,
    "ptm": 0.5782750844955444,
    "iptm": 0.0,
    "ligand_iptm": 0.0,
    "protein_iptm": 0.0,
    "complex_plddt": 0.6551626920700073,
    "complex_iplddt": 0.0,
    "complex_pde": 1.2096326351165771,
    "complex_ipde": 0.0,
    "chains_ptm": {
        "0": 0.5782750844955444
    },
    "pair_chains_iptm": {
        "0": {
            "0": 0.5782750844955444
        }
    }
}