{
    "confidence_score": 0.6397532224655151,
    "ptm": 0.5629226565361023,
    "iptm": 0.0,
    "ligand_iptm": 0.0,
    "protein_iptm": 0.0,
    "complex_plddt": 0.6589608192443848,
    "complex_iplddt": 0.0,
    "complex_pde": 1.236296534538269,
    "complex_ipde": 0.0,
    "chains_ptm": {
        "0": 0.5629226565361023
    },
    "pair_chains_iptm": {
        "0": {
            "0": 0.5629226565361023
        }
    }
}