{
    "confidence_score": 0.6401187181472778,
    "ptm": 0.5802672505378723,
    "iptm": 0.0,
    "ligand_iptm": 0.0,
    "protein_iptm": 0.0,
    "complex_plddt": 0.655081570148468,
    "complex_iplddt": 0.0,
    "complex_pde": 1.1808907985687256,
    "complex_ipde": 0.0,
    "chains_ptm": {
        "0": 0.5802672505378723
    },
    "pair_chains_iptm": {
        "0": {
            "0": 0.5802672505378723
        }
    }
}