{
    "confidence_score": 0.6395358443260193,
    "ptm": 0.5710338354110718,
    "iptm": 0.0,
    "ligand_iptm": 0.0,
    "protein_iptm": 0.0,
    "complex_plddt": 0.6566612720489502,
    "complex_iplddt": 0.0,
    "complex_pde": 1.1703622341156006,
    "complex_ipde": 0.0,
    "chains_ptm": {
        "0": 0.5710338354110718
    },
    "pair_chains_iptm": {
        "0": {
            "0": 0.5710338354110718
        }
    }
}