{
    "plddt": 92.5112533569336,
    "gpde": 0.34871914982795715,
    "ptm": 0.8974491357803345,
    "iptm": 0.0,
    "chain_gpde": [
        0.34871914982795715
    ],
    "chain_pair_gpde": [
        [
            0.0
        ]
    ],
    "chain_ptm": [
        0.8974491357803345
    ],
    "chain_iptm": [
        0.0
    ],
    "chain_pair_iptm": [
        [
            0.0
        ]
    ],
    "chain_pair_iptm_global": [
        [
            0.0
        ]
    ],
    "chain_plddt": [
        0.9251125454902649
    ],
    "chain_pair_plddt": [
        [
            0.0
        ]
    ],
    "has_clash": false,
    "disorder": 0.0,
    "ranking_score": 0.1794898360967636,
    "num_recycles": 10
}