{
    "plddt": 92.76691436767578,
    "gpde": 0.34251317381858826,
    "ptm": 0.89864182472229,
    "iptm": 0.0,
    "chain_gpde": [
        0.34251317381858826
    ],
    "chain_pair_gpde": [
        [
            0.0
        ]
    ],
    "chain_ptm": [
        0.89864182472229
    ],
    "chain_iptm": [
        0.0
    ],
    "chain_pair_iptm": [
        [
            0.0
        ]
    ],
    "chain_pair_iptm_global": [
        [
            0.0
        ]
    ],
    "chain_plddt": [
        0.9276691675186157
    ],
    "chain_pair_plddt": [
        [
            0.0
        ]
    ],
    "has_clash": false,
    "disorder": 0.0,
    "ranking_score": 0.17972837388515472,
    "num_recycles": 10
}