{
    "plddt": 92.75476837158203,
    "gpde": 0.34305667877197266,
    "ptm": 0.8975751399993896,
    "iptm": 0.0,
    "chain_gpde": [
        0.34305667877197266
    ],
    "chain_pair_gpde": [
        [
            0.0
        ]
    ],
    "chain_ptm": [
        0.8975751399993896
    ],
    "chain_iptm": [
        0.0
    ],
    "chain_pair_iptm": [
        [
            0.0
        ]
    ],
    "chain_pair_iptm_global": [
        [
            0.0
        ]
    ],
    "chain_plddt": [
        0.9275476932525635
    ],
    "chain_pair_plddt": [
        [
            0.0
        ]
    ],
    "has_clash": false,
    "disorder": 0.0,
    "ranking_score": 0.1795150339603424,
    "num_recycles": 10
}