{
    "plddt": 92.71038055419922,
    "gpde": 0.34397464990615845,
    "ptm": 0.8972971439361572,
    "iptm": 0.0,
    "chain_gpde": [
        0.34397464990615845
    ],
    "chain_pair_gpde": [
        [
            0.0
        ]
    ],
    "chain_ptm": [
        0.8972971439361572
    ],
    "chain_iptm": [
        0.0
    ],
    "chain_pair_iptm": [
        [
            0.0
        ]
    ],
    "chain_pair_iptm_global": [
        [
            0.0
        ]
    ],
    "chain_plddt": [
        0.9271038174629211
    ],
    "chain_pair_plddt": [
        [
            0.0
        ]
    ],
    "has_clash": false,
    "disorder": 0.0,
    "ranking_score": 0.17945943772792816,
    "num_recycles": 10
}