{
    "plddt": 87.56192779541016,
    "gpde": 0.48778238892555237,
    "ptm": 0.8266223073005676,
    "iptm": 0.0,
    "chain_gpde": [
        0.48778238892555237
    ],
    "chain_pair_gpde": [
        [
            0.0
        ]
    ],
    "chain_ptm": [
        0.8266223073005676
    ],
    "chain_iptm": [
        0.0
    ],
    "chain_pair_iptm": [
        [
            0.0
        ]
    ],
    "chain_pair_iptm_global": [
        [
            0.0
        ]
    ],
    "chain_plddt": [
        0.8756192922592163
    ],
    "chain_pair_plddt": [
        [
            0.0
        ]
    ],
    "has_clash": false,
    "disorder": 0.0,
    "ranking_score": 0.16532446444034576,
    "num_recycles": 10
}