{
    "plddt": 87.75595092773438,
    "gpde": 0.4825887978076935,
    "ptm": 0.8330283761024475,
    "iptm": 0.0,
    "chain_gpde": [
        0.4825887978076935
    ],
    "chain_pair_gpde": [
        [
            0.0
        ]
    ],
    "chain_ptm": [
        0.8330283761024475
    ],
    "chain_iptm": [
        0.0
    ],
    "chain_pair_iptm": [
        [
            0.0
        ]
    ],
    "chain_pair_iptm_global": [
        [
            0.0
        ]
    ],
    "chain_plddt": [
        0.8775594830513
    ],
    "chain_pair_plddt": [
        [
            0.0
        ]
    ],
    "has_clash": false,
    "disorder": 0.0,
    "ranking_score": 0.16660568118095398,
    "num_recycles": 10
}