{
  "aggregate_score": 0.1832566261291504,
  "ptm": 0.916283130645752,
  "iptm": 0.0,
  "per_chain_ptm": 0.916283130645752,
  "per_chain_pair_iptm": 0.916283130645752,
  "has_inter_chain_clashes": false,
  "chain_chain_clashes": 0
}