{
    "plddt": 88.20143127441406,
    "gpde": 0.5161224603652954,
    "ptm": 0.8111847043037415,
    "iptm": 0.0,
    "chain_gpde": [
        0.5161224603652954
    ],
    "chain_pair_gpde": [
        [
            0.0
        ]
    ],
    "chain_ptm": [
        0.8111847043037415
    ],
    "chain_iptm": [
        0.0
    ],
    "chain_pair_iptm": [
        [
            0.0
        ]
    ],
    "chain_pair_iptm_global": [
        [
            0.0
        ]
    ],
    "chain_plddt": [
        0.882014274597168
    ],
    "chain_pair_plddt": [
        [
            0.0
        ]
    ],
    "has_clash": false,
    "disorder": 0.0,
    "ranking_score": 0.16223694384098053,
    "num_recycles": 10
}