{
    "plddt": 88.08954620361328,
    "gpde": 0.5454786419868469,
    "ptm": 0.7999239563941956,
    "iptm": 0.0,
    "chain_gpde": [
        0.5454786419868469
    ],
    "chain_pair_gpde": [
        [
            0.0
        ]
    ],
    "chain_ptm": [
        0.7999239563941956
    ],
    "chain_iptm": [
        0.0
    ],
    "chain_pair_iptm": [
        [
            0.0
        ]
    ],
    "chain_pair_iptm_global": [
        [
            0.0
        ]
    ],
    "chain_plddt": [
        0.8808954954147339
    ],
    "chain_pair_plddt": [
        [
            0.0
        ]
    ],
    "has_clash": false,
    "disorder": 0.0,
    "ranking_score": 0.1599847972393036,
    "num_recycles": 10
}