{
    "plddt": 88.22427368164062,
    "gpde": 0.501591145992279,
    "ptm": 0.8114256262779236,
    "iptm": 0.0,
    "chain_gpde": [
        0.501591145992279
    ],
    "chain_pair_gpde": [
        [
            0.0
        ]
    ],
    "chain_ptm": [
        0.8114256262779236
    ],
    "chain_iptm": [
        0.0
    ],
    "chain_pair_iptm": [
        [
            0.0
        ]
    ],
    "chain_pair_iptm_global": [
        [
            0.0
        ]
    ],
    "chain_plddt": [
        0.882242739200592
    ],
    "chain_pair_plddt": [
        [
            0.0
        ]
    ],
    "has_clash": false,
    "disorder": 0.0,
    "ranking_score": 0.16228513419628143,
    "num_recycles": 10
}