{
    "plddt": 88.14120483398438,
    "gpde": 0.5144700407981873,
    "ptm": 0.8115400671958923,
    "iptm": 0.0,
    "chain_gpde": [
        0.5144700407981873
    ],
    "chain_pair_gpde": [
        [
            0.0
        ]
    ],
    "chain_ptm": [
        0.8115400671958923
    ],
    "chain_iptm": [
        0.0
    ],
    "chain_pair_iptm": [
        [
            0.0
        ]
    ],
    "chain_pair_iptm_global": [
        [
            0.0
        ]
    ],
    "chain_plddt": [
        0.8814120292663574
    ],
    "chain_pair_plddt": [
        [
            0.0
        ]
    ],
    "has_clash": false,
    "disorder": 0.0,
    "ranking_score": 0.16230802237987518,
    "num_recycles": 10
}