{
    "plddt": 88.28079986572266,
    "gpde": 0.5234109163284302,
    "ptm": 0.8112931847572327,
    "iptm": 0.0,
    "chain_gpde": [
        0.5234109163284302
    ],
    "chain_pair_gpde": [
        [
            0.0
        ]
    ],
    "chain_ptm": [
        0.8112931847572327
    ],
    "chain_iptm": [
        0.0
    ],
    "chain_pair_iptm": [
        [
            0.0
        ]
    ],
    "chain_pair_iptm_global": [
        [
            0.0
        ]
    ],
    "chain_plddt": [
        0.8828079700469971
    ],
    "chain_pair_plddt": [
        [
            0.0
        ]
    ],
    "has_clash": false,
    "disorder": 0.0,
    "ranking_score": 0.16225863993167877,
    "num_recycles": 10
}