{
  "aggregate_score": 0.15043166279792786,
  "ptm": 0.7521582841873169,
  "iptm": 0.0,
  "per_chain_ptm": 0.7521582841873169,
  "per_chain_pair_iptm": 0.7521582841873169,
  "has_inter_chain_clashes": false,
  "chain_chain_clashes": 0
}