{
  "aggregate_score": 0.1503317952156067,
  "ptm": 0.7516589760780334,
  "iptm": 0.0,
  "per_chain_ptm": 0.7516589760780334,
  "per_chain_pair_iptm": 0.7516589760780334,
  "has_inter_chain_clashes": false,
  "chain_chain_clashes": 0
}