{
  "aggregate_score": 0.15019455552101135,
  "ptm": 0.7509727478027344,
  "iptm": 0.0,
  "per_chain_ptm": 0.7509727478027344,
  "per_chain_pair_iptm": 0.7509727478027344,
  "has_inter_chain_clashes": false,
  "chain_chain_clashes": 0
}