{
  "aggregate_score": 0.15034763514995575,
  "ptm": 0.7517381906509399,
  "iptm": 0.0,
  "per_chain_ptm": 0.7517381906509399,
  "per_chain_pair_iptm": 0.7517381906509399,
  "has_inter_chain_clashes": false,
  "chain_chain_clashes": 0
}