{
  "aggregate_score": 0.15021619200706482,
  "ptm": 0.7510809302330017,
  "iptm": 0.0,
  "per_chain_ptm": 0.7510809302330017,
  "per_chain_pair_iptm": 0.7510809302330017,
  "has_inter_chain_clashes": false,
  "chain_chain_clashes": 0
}