{
  "aggregate_score": 0.12465494871139526,
  "ptm": 0.6232747435569763,
  "iptm": 0.0,
  "per_chain_ptm": 0.6232747435569763,
  "per_chain_pair_iptm": 0.6232747435569763,
  "has_inter_chain_clashes": false,
  "chain_chain_clashes": 0
}