{
  "aggregate_score": 0.12522204220294952,
  "ptm": 0.6261101961135864,
  "iptm": 0.0,
  "per_chain_ptm": 0.6261101961135864,
  "per_chain_pair_iptm": 0.6261101961135864,
  "has_inter_chain_clashes": false,
  "chain_chain_clashes": 0
}