{
  "aggregate_score": 0.12459559738636017,
  "ptm": 0.6229779720306396,
  "iptm": 0.0,
  "per_chain_ptm": 0.6229779720306396,
  "per_chain_pair_iptm": 0.6229779720306396,
  "has_inter_chain_clashes": false,
  "chain_chain_clashes": 0
}