{
  "aggregate_score": 0.188772514462471,
  "ptm": 0.9438625574111938,
  "iptm": 0.0,
  "per_chain_ptm": 0.9438625574111938,
  "per_chain_pair_iptm": 0.9438625574111938,
  "has_inter_chain_clashes": false,
  "chain_chain_clashes": 0
}