{
  "aggregate_score": 0.18925993144512177,
  "ptm": 0.94629967212677,
  "iptm": 0.0,
  "per_chain_ptm": 0.94629967212677,
  "per_chain_pair_iptm": 0.94629967212677,
  "has_inter_chain_clashes": false,
  "chain_chain_clashes": 0
}