{
    "confidence_score": 0.9270235300064087,
    "ptm": 0.9082352519035339,
    "iptm": 0.0,
    "ligand_iptm": 0.0,
    "protein_iptm": 0.0,
    "complex_plddt": 0.9317206144332886,
    "complex_iplddt": 0.0,
    "complex_pde": 0.37622857093811035,
    "complex_ipde": 0.0,
    "chains_ptm": {
        "0": 0.9082352519035339
    },
    "pair_chains_iptm": {
        "0": {
            "0": 0.9082352519035339
        }
    }
}