{
    "confidence_score": 0.9272884726524353,
    "ptm": 0.907943844795227,
    "iptm": 0.0,
    "ligand_iptm": 0.0,
    "protein_iptm": 0.0,
    "complex_plddt": 0.9321245551109314,
    "complex_iplddt": 0.0,
    "complex_pde": 0.3772919774055481,
    "complex_ipde": 0.0,
    "chains_ptm": {
        "0": 0.907943844795227
    },
    "pair_chains_iptm": {
        "0": {
            "0": 0.907943844795227
        }
    }
}