{
    "confidence_score": 0.9274170994758606,
    "ptm": 0.9083675742149353,
    "iptm": 0.0,
    "ligand_iptm": 0.0,
    "protein_iptm": 0.0,
    "complex_plddt": 0.9321794509887695,
    "complex_iplddt": 0.0,
    "complex_pde": 0.37589675188064575,
    "complex_ipde": 0.0,
    "chains_ptm": {
        "0": 0.9083675742149353
    },
    "pair_chains_iptm": {
        "0": {
            "0": 0.9083675742149353
        }
    }
}