{
    "plddt": 86.34683990478516,
    "gpde": 0.6566849946975708,
    "ptm": 0.6218320727348328,
    "iptm": 0.0,
    "chain_gpde": [
        0.6566849946975708
    ],
    "chain_pair_gpde": [
        [
            0.0
        ]
    ],
    "chain_ptm": [
        0.6218320727348328
    ],
    "chain_iptm": [
        0.0
    ],
    "chain_pair_iptm": [
        [
            0.0
        ]
    ],
    "chain_pair_iptm_global": [
        [
            0.0
        ]
    ],
    "chain_plddt": [
        0.8634684085845947
    ],
    "chain_pair_plddt": [
        [
            0.0
        ]
    ],
    "has_clash": false,
    "disorder": 0.0,
    "ranking_score": 0.12436641752719879,
    "num_recycles": 10
}