{
  "aggregate_score": 0.168833926320076,
  "ptm": 0.8441696166992188,
  "iptm": 0.0,
  "per_chain_ptm": 0.8441696166992188,
  "per_chain_pair_iptm": 0.8441696166992188,
  "has_inter_chain_clashes": false,
  "chain_chain_clashes": 0
}