{
    "plddt": 77.28885650634766,
    "gpde": 1.2315351963043213,
    "ptm": 0.692546546459198,
    "iptm": 0.0,
    "chain_gpde": [
        1.2315351963043213
    ],
    "chain_pair_gpde": [
        [
            0.0
        ]
    ],
    "chain_ptm": [
        0.692546546459198
    ],
    "chain_iptm": [
        0.0
    ],
    "chain_pair_iptm": [
        [
            0.0
        ]
    ],
    "chain_pair_iptm_global": [
        [
            0.0
        ]
    ],
    "chain_plddt": [
        0.7728885412216187
    ],
    "chain_pair_plddt": [
        [
            0.0
        ]
    ],
    "has_clash": false,
    "disorder": 0.0,
    "ranking_score": 0.13850931823253632,
    "num_recycles": 10
}