{
    "plddt": 77.19918823242188,
    "gpde": 1.228057622909546,
    "ptm": 0.6947049498558044,
    "iptm": 0.0,
    "chain_gpde": [
        1.228057622909546
    ],
    "chain_pair_gpde": [
        [
            0.0
        ]
    ],
    "chain_ptm": [
        0.6947049498558044
    ],
    "chain_iptm": [
        0.0
    ],
    "chain_pair_iptm": [
        [
            0.0
        ]
    ],
    "chain_pair_iptm_global": [
        [
            0.0
        ]
    ],
    "chain_plddt": [
        0.7719918489456177
    ],
    "chain_pair_plddt": [
        [
            0.0
        ]
    ],
    "has_clash": false,
    "disorder": 0.0,
    "ranking_score": 0.1389409899711609,
    "num_recycles": 10
}