{
    "plddt": 84.04206848144531,
    "gpde": 0.645063042640686,
    "ptm": 0.6745890974998474,
    "iptm": 0.0,
    "chain_gpde": [
        0.645063042640686
    ],
    "chain_pair_gpde": [
        [
            0.0
        ]
    ],
    "chain_ptm": [
        0.6745890974998474
    ],
    "chain_iptm": [
        0.0
    ],
    "chain_pair_iptm": [
        [
            0.0
        ]
    ],
    "chain_pair_iptm_global": [
        [
            0.0
        ]
    ],
    "chain_plddt": [
        0.8404207229614258
    ],
    "chain_pair_plddt": [
        [
            0.0
        ]
    ],
    "has_clash": false,
    "disorder": 0.0,
    "ranking_score": 0.13491782546043396,
    "num_recycles": 10
}