{
    "plddt": 89.13993835449219,
    "gpde": 0.4532375931739807,
    "ptm": 0.5615943074226379,
    "iptm": 0.0,
    "chain_gpde": [
        0.4532375931739807
    ],
    "chain_pair_gpde": [
        [
            0.0
        ]
    ],
    "chain_ptm": [
        0.5615943074226379
    ],
    "chain_iptm": [
        0.0
    ],
    "chain_pair_iptm": [
        [
            0.0
        ]
    ],
    "chain_pair_iptm_global": [
        [
            0.0
        ]
    ],
    "chain_plddt": [
        0.8913993835449219
    ],
    "chain_pair_plddt": [
        [
            0.0
        ]
    ],
    "has_clash": false,
    "disorder": 0.0,
    "ranking_score": 0.11231886595487595,
    "num_recycles": 10
}