{
    "plddt": 89.3924331665039,
    "gpde": 0.454950749874115,
    "ptm": 0.5715023279190063,
    "iptm": 0.0,
    "chain_gpde": [
        0.454950749874115
    ],
    "chain_pair_gpde": [
        [
            0.0
        ]
    ],
    "chain_ptm": [
        0.5715023279190063
    ],
    "chain_iptm": [
        0.0
    ],
    "chain_pair_iptm": [
        [
            0.0
        ]
    ],
    "chain_pair_iptm_global": [
        [
            0.0
        ]
    ],
    "chain_plddt": [
        0.8939242959022522
    ],
    "chain_pair_plddt": [
        [
            0.0
        ]
    ],
    "has_clash": false,
    "disorder": 0.0,
    "ranking_score": 0.11430046707391739,
    "num_recycles": 10
}