{
    "plddt": 89.45482635498047,
    "gpde": 0.45537281036376953,
    "ptm": 0.5781251788139343,
    "iptm": 0.0,
    "chain_gpde": [
        0.45537281036376953
    ],
    "chain_pair_gpde": [
        [
            0.0
        ]
    ],
    "chain_ptm": [
        0.5781251788139343
    ],
    "chain_iptm": [
        0.0
    ],
    "chain_pair_iptm": [
        [
            0.0
        ]
    ],
    "chain_pair_iptm_global": [
        [
            0.0
        ]
    ],
    "chain_plddt": [
        0.8945482969284058
    ],
    "chain_pair_plddt": [
        [
            0.0
        ]
    ],
    "has_clash": false,
    "disorder": 0.0,
    "ranking_score": 0.1156250387430191,
    "num_recycles": 10
}