{
    "confidence_score": 0.7794786691665649,
    "ptm": 0.5147358179092407,
    "iptm": 0.0,
    "ligand_iptm": 0.0,
    "protein_iptm": 0.0,
    "complex_plddt": 0.8456643223762512,
    "complex_iplddt": 0.0,
    "complex_pde": 0.6200795769691467,
    "complex_ipde": 0.0,
    "chains_ptm": {
        "0": 0.5147358179092407
    },
    "pair_chains_iptm": {
        "0": {
            "0": 0.5147358179092407
        }
    }
}