{
    "confidence_score": 0.7820076942443848,
    "ptm": 0.519610583782196,
    "iptm": 0.0,
    "ligand_iptm": 0.0,
    "protein_iptm": 0.0,
    "complex_plddt": 0.8476069569587708,
    "complex_iplddt": 0.0,
    "complex_pde": 0.6206310987472534,
    "complex_ipde": 0.0,
    "chains_ptm": {
        "0": 0.519610583782196
    },
    "pair_chains_iptm": {
        "0": {
            "0": 0.519610583782196
        }
    }
}