{
    "plddt": 81.28287506103516,
    "gpde": 0.8610152006149292,
    "ptm": 0.7265344858169556,
    "iptm": 0.0,
    "chain_gpde": [
        0.8610152006149292
    ],
    "chain_pair_gpde": [
        [
            0.0
        ]
    ],
    "chain_ptm": [
        0.7265344858169556
    ],
    "chain_iptm": [
        0.0
    ],
    "chain_pair_iptm": [
        [
            0.0
        ]
    ],
    "chain_pair_iptm_global": [
        [
            0.0
        ]
    ],
    "chain_plddt": [
        0.812828779220581
    ],
    "chain_pair_plddt": [
        [
            0.0
        ]
    ],
    "has_clash": false,
    "disorder": 0.0,
    "ranking_score": 0.14530690014362335,
    "num_recycles": 10
}