{
    "plddt": 81.27434539794922,
    "gpde": 0.8602445125579834,
    "ptm": 0.728212833404541,
    "iptm": 0.0,
    "chain_gpde": [
        0.8602445125579834
    ],
    "chain_pair_gpde": [
        [
            0.0
        ]
    ],
    "chain_ptm": [
        0.728212833404541
    ],
    "chain_iptm": [
        0.0
    ],
    "chain_pair_iptm": [
        [
            0.0
        ]
    ],
    "chain_pair_iptm_global": [
        [
            0.0
        ]
    ],
    "chain_plddt": [
        0.8127434849739075
    ],
    "chain_pair_plddt": [
        [
            0.0
        ]
    ],
    "has_clash": false,
    "disorder": 0.0,
    "ranking_score": 0.14564256370067596,
    "num_recycles": 10
}