{
    "plddt": 81.23700714111328,
    "gpde": 0.7985760569572449,
    "ptm": 0.5265160799026489,
    "iptm": 0.0,
    "chain_gpde": [
        0.7985760569572449
    ],
    "chain_pair_gpde": [
        [
            0.0
        ]
    ],
    "chain_ptm": [
        0.5265160799026489
    ],
    "chain_iptm": [
        0.0
    ],
    "chain_pair_iptm": [
        [
            0.0
        ]
    ],
    "chain_pair_iptm_global": [
        [
            0.0
        ]
    ],
    "chain_plddt": [
        0.8123700618743896
    ],
    "chain_pair_plddt": [
        [
            0.0
        ]
    ],
    "has_clash": false,
    "disorder": 0.0,
    "ranking_score": 0.10530322045087814,
    "num_recycles": 10
}