{
    "plddt": 81.78668212890625,
    "gpde": 0.8018072843551636,
    "ptm": 0.7378676533699036,
    "iptm": 0.0,
    "chain_gpde": [
        0.8018072843551636
    ],
    "chain_pair_gpde": [
        [
            0.0
        ]
    ],
    "chain_ptm": [
        0.7378676533699036
    ],
    "chain_iptm": [
        0.0
    ],
    "chain_pair_iptm": [
        [
            0.0
        ]
    ],
    "chain_pair_iptm_global": [
        [
            0.0
        ]
    ],
    "chain_plddt": [
        0.8178668022155762
    ],
    "chain_pair_plddt": [
        [
            0.0
        ]
    ],
    "has_clash": false,
    "disorder": 0.0,
    "ranking_score": 0.1475735306739807,
    "num_recycles": 10
}