{
    "plddt": 67.1242904663086,
    "gpde": 2.281255006790161,
    "ptm": 0.5872966051101685,
    "iptm": 0.0,
    "chain_gpde": [
        2.281255006790161
    ],
    "chain_pair_gpde": [
        [
            0.0
        ]
    ],
    "chain_ptm": [
        0.5872966051101685
    ],
    "chain_iptm": [
        0.0
    ],
    "chain_pair_iptm": [
        [
            0.0
        ]
    ],
    "chain_pair_iptm_global": [
        [
            0.0
        ]
    ],
    "chain_plddt": [
        0.671242892742157
    ],
    "chain_pair_plddt": [
        [
            0.0
        ]
    ],
    "has_clash": false,
    "disorder": 0.0,
    "ranking_score": 0.11745931953191757,
    "num_recycles": 10
}