{
    "plddt": 67.00647735595703,
    "gpde": 2.306148052215576,
    "ptm": 0.5812274813652039,
    "iptm": 0.0,
    "chain_gpde": [
        2.306148052215576
    ],
    "chain_pair_gpde": [
        [
            0.0
        ]
    ],
    "chain_ptm": [
        0.5812274813652039
    ],
    "chain_iptm": [
        0.0
    ],
    "chain_pair_iptm": [
        [
            0.0
        ]
    ],
    "chain_pair_iptm_global": [
        [
            0.0
        ]
    ],
    "chain_plddt": [
        0.6700648069381714
    ],
    "chain_pair_plddt": [
        [
            0.0
        ]
    ],
    "has_clash": false,
    "disorder": 0.0,
    "ranking_score": 0.11624550074338913,
    "num_recycles": 10
}