{
    "plddt": 66.64704132080078,
    "gpde": 2.2817304134368896,
    "ptm": 0.5834434032440186,
    "iptm": 0.0,
    "chain_gpde": [
        2.2817304134368896
    ],
    "chain_pair_gpde": [
        [
            0.0
        ]
    ],
    "chain_ptm": [
        0.5834434032440186
    ],
    "chain_iptm": [
        0.0
    ],
    "chain_pair_iptm": [
        [
            0.0
        ]
    ],
    "chain_pair_iptm_global": [
        [
            0.0
        ]
    ],
    "chain_plddt": [
        0.6664704084396362
    ],
    "chain_pair_plddt": [
        [
            0.0
        ]
    ],
    "has_clash": false,
    "disorder": 0.0,
    "ranking_score": 0.11668868362903595,
    "num_recycles": 10
}