{
    "plddt": 67.27165222167969,
    "gpde": 2.2626423835754395,
    "ptm": 0.5897529721260071,
    "iptm": 0.0,
    "chain_gpde": [
        2.2626423835754395
    ],
    "chain_pair_gpde": [
        [
            0.0
        ]
    ],
    "chain_ptm": [
        0.5897529721260071
    ],
    "chain_iptm": [
        0.0
    ],
    "chain_pair_iptm": [
        [
            0.0
        ]
    ],
    "chain_pair_iptm_global": [
        [
            0.0
        ]
    ],
    "chain_plddt": [
        0.6727165579795837
    ],
    "chain_pair_plddt": [
        [
            0.0
        ]
    ],
    "has_clash": false,
    "disorder": 0.0,
    "ranking_score": 0.11795059591531754,
    "num_recycles": 10
}