{
    "plddt": 67.17005920410156,
    "gpde": 2.2750144004821777,
    "ptm": 0.5870903134346008,
    "iptm": 0.0,
    "chain_gpde": [
        2.2750144004821777
    ],
    "chain_pair_gpde": [
        [
            0.0
        ]
    ],
    "chain_ptm": [
        0.5870903134346008
    ],
    "chain_iptm": [
        0.0
    ],
    "chain_pair_iptm": [
        [
            0.0
        ]
    ],
    "chain_pair_iptm_global": [
        [
            0.0
        ]
    ],
    "chain_plddt": [
        0.6717005968093872
    ],
    "chain_pair_plddt": [
        [
            0.0
        ]
    ],
    "has_clash": false,
    "disorder": 0.0,
    "ranking_score": 0.1174180656671524,
    "num_recycles": 10
}