{
    "plddt": 90.35448455810547,
    "gpde": 0.467422753572464,
    "ptm": 0.7907804250717163,
    "iptm": 0.0,
    "chain_gpde": [
        0.467422753572464
    ],
    "chain_pair_gpde": [
        [
            0.0
        ]
    ],
    "chain_ptm": [
        0.7907804250717163
    ],
    "chain_iptm": [
        0.0
    ],
    "chain_pair_iptm": [
        [
            0.0
        ]
    ],
    "chain_pair_iptm_global": [
        [
            0.0
        ]
    ],
    "chain_plddt": [
        0.9035448431968689
    ],
    "chain_pair_plddt": [
        [
            0.0
        ]
    ],
    "has_clash": false,
    "disorder": 0.0,
    "ranking_score": 0.15815608203411102,
    "num_recycles": 10
}