{
    "plddt": 90.3266372680664,
    "gpde": 0.4734441936016083,
    "ptm": 0.7792447805404663,
    "iptm": 0.0,
    "chain_gpde": [
        0.4734441936016083
    ],
    "chain_pair_gpde": [
        [
            0.0
        ]
    ],
    "chain_ptm": [
        0.7792447805404663
    ],
    "chain_iptm": [
        0.0
    ],
    "chain_pair_iptm": [
        [
            0.0
        ]
    ],
    "chain_pair_iptm_global": [
        [
            0.0
        ]
    ],
    "chain_plddt": [
        0.9032663702964783
    ],
    "chain_pair_plddt": [
        [
            0.0
        ]
    ],
    "has_clash": false,
    "disorder": 0.0,
    "ranking_score": 0.15584896504878998,
    "num_recycles": 10
}