{
    "plddt": 90.34337615966797,
    "gpde": 0.47254499793052673,
    "ptm": 0.7796501517295837,
    "iptm": 0.0,
    "chain_gpde": [
        0.47254499793052673
    ],
    "chain_pair_gpde": [
        [
            0.0
        ]
    ],
    "chain_ptm": [
        0.7796501517295837
    ],
    "chain_iptm": [
        0.0
    ],
    "chain_pair_iptm": [
        [
            0.0
        ]
    ],
    "chain_pair_iptm_global": [
        [
            0.0
        ]
    ],
    "chain_plddt": [
        0.9034337401390076
    ],
    "chain_pair_plddt": [
        [
            0.0
        ]
    ],
    "has_clash": false,
    "disorder": 0.0,
    "ranking_score": 0.1559300273656845,
    "num_recycles": 10
}