{
    "plddt": 90.39654541015625,
    "gpde": 0.46037545800209045,
    "ptm": 0.7898176312446594,
    "iptm": 0.0,
    "chain_gpde": [
        0.46037545800209045
    ],
    "chain_pair_gpde": [
        [
            0.0
        ]
    ],
    "chain_ptm": [
        0.7898176312446594
    ],
    "chain_iptm": [
        0.0
    ],
    "chain_pair_iptm": [
        [
            0.0
        ]
    ],
    "chain_pair_iptm_global": [
        [
            0.0
        ]
    ],
    "chain_plddt": [
        0.9039654731750488
    ],
    "chain_pair_plddt": [
        [
            0.0
        ]
    ],
    "has_clash": false,
    "disorder": 0.0,
    "ranking_score": 0.15796352922916412,
    "num_recycles": 10
}