{
    "confidence_score": 0.9436634182929993,
    "ptm": 0.9629522562026978,
    "iptm": 0.0,
    "ligand_iptm": 0.0,
    "protein_iptm": 0.0,
    "complex_plddt": 0.9388411641120911,
    "complex_iplddt": 0.0,
    "complex_pde": 0.3305663466453552,
    "complex_ipde": 0.0,
    "chains_ptm": {
        "0": 0.9629522562026978
    },
    "pair_chains_iptm": {
        "0": {
            "0": 0.9629522562026978
        }
    }
}