{
    "plddt": 92.71914672851562,
    "gpde": 0.3676949143409729,
    "ptm": 0.862371027469635,
    "iptm": 0.0,
    "chain_gpde": [
        0.3676949143409729
    ],
    "chain_pair_gpde": [
        [
            0.0
        ]
    ],
    "chain_ptm": [
        0.862371027469635
    ],
    "chain_iptm": [
        0.0
    ],
    "chain_pair_iptm": [
        [
            0.0
        ]
    ],
    "chain_pair_iptm_global": [
        [
            0.0
        ]
    ],
    "chain_plddt": [
        0.927191436290741
    ],
    "chain_pair_plddt": [
        [
            0.0
        ]
    ],
    "has_clash": false,
    "disorder": 0.0,
    "ranking_score": 0.172474205493927,
    "num_recycles": 10
}