{
    "plddt": 92.67427062988281,
    "gpde": 0.3630286455154419,
    "ptm": 0.861223578453064,
    "iptm": 0.0,
    "chain_gpde": [
        0.3630286455154419
    ],
    "chain_pair_gpde": [
        [
            0.0
        ]
    ],
    "chain_ptm": [
        0.861223578453064
    ],
    "chain_iptm": [
        0.0
    ],
    "chain_pair_iptm": [
        [
            0.0
        ]
    ],
    "chain_pair_iptm_global": [
        [
            0.0
        ]
    ],
    "chain_plddt": [
        0.9267427325248718
    ],
    "chain_pair_plddt": [
        [
            0.0
        ]
    ],
    "has_clash": false,
    "disorder": 0.0,
    "ranking_score": 0.17224471271038055,
    "num_recycles": 10
}