{
    "plddt": 92.81126403808594,
    "gpde": 0.359929621219635,
    "ptm": 0.8661748766899109,
    "iptm": 0.0,
    "chain_gpde": [
        0.359929621219635
    ],
    "chain_pair_gpde": [
        [
            0.0
        ]
    ],
    "chain_ptm": [
        0.8661748766899109
    ],
    "chain_iptm": [
        0.0
    ],
    "chain_pair_iptm": [
        [
            0.0
        ]
    ],
    "chain_pair_iptm_global": [
        [
            0.0
        ]
    ],
    "chain_plddt": [
        0.9281126260757446
    ],
    "chain_pair_plddt": [
        [
            0.0
        ]
    ],
    "has_clash": false,
    "disorder": 0.0,
    "ranking_score": 0.1732349842786789,
    "num_recycles": 10
}