{
  "aggregate_score": 0.1825578510761261,
  "ptm": 0.9127892255783081,
  "iptm": 0.0,
  "per_chain_ptm": 0.9127892255783081,
  "per_chain_pair_iptm": 0.9127892255783081,
  "has_inter_chain_clashes": false,
  "chain_chain_clashes": 0
}