{
    "confidence_score": 0.9019242525100708,
    "ptm": 0.8699188828468323,
    "iptm": 0.0,
    "ligand_iptm": 0.0,
    "protein_iptm": 0.0,
    "complex_plddt": 0.9099255800247192,
    "complex_iplddt": 0.0,
    "complex_pde": 0.3607422411441803,
    "complex_ipde": 0.0,
    "chains_ptm": {
        "0": 0.8699188828468323
    },
    "pair_chains_iptm": {
        "0": {
            "0": 0.8699188828468323
        }
    }
}