{
    "plddt": 90.04918670654297,
    "gpde": 0.4386582672595978,
    "ptm": 0.9237839579582214,
    "iptm": 0.0,
    "chain_gpde": [
        0.4386582672595978
    ],
    "chain_pair_gpde": [
        [
            0.0
        ]
    ],
    "chain_ptm": [
        0.9237839579582214
    ],
    "chain_iptm": [
        0.0
    ],
    "chain_pair_iptm": [
        [
            0.0
        ]
    ],
    "chain_pair_iptm_global": [
        [
            0.0
        ]
    ],
    "chain_plddt": [
        0.9004918336868286
    ],
    "chain_pair_plddt": [
        [
            0.0
        ]
    ],
    "has_clash": false,
    "disorder": 0.0,
    "ranking_score": 0.184756800532341,
    "num_recycles": 10
}