{
    "plddt": 90.05673217773438,
    "gpde": 0.43822261691093445,
    "ptm": 0.9239493608474731,
    "iptm": 0.0,
    "chain_gpde": [
        0.43822261691093445
    ],
    "chain_pair_gpde": [
        [
            0.0
        ]
    ],
    "chain_ptm": [
        0.9239493608474731
    ],
    "chain_iptm": [
        0.0
    ],
    "chain_pair_iptm": [
        [
            0.0
        ]
    ],
    "chain_pair_iptm_global": [
        [
            0.0
        ]
    ],
    "chain_plddt": [
        0.900567352771759
    ],
    "chain_pair_plddt": [
        [
            0.0
        ]
    ],
    "has_clash": false,
    "disorder": 0.0,
    "ranking_score": 0.18478988111019135,
    "num_recycles": 10
}