{
    "confidence_score": 0.8501344919204712,
    "ptm": 0.6497610211372375,
    "iptm": 0.0,
    "ligand_iptm": 0.0,
    "protein_iptm": 0.0,
    "complex_plddt": 0.9002278447151184,
    "complex_iplddt": 0.0,
    "complex_pde": 0.47188031673431396,
    "complex_ipde": 0.0,
    "chains_ptm": {
        "0": 0.6497610211372375
    },
    "pair_chains_iptm": {
        "0": {
            "0": 0.6497610211372375
        }
    }
}