{
    "confidence_score": 0.829520046710968,
    "ptm": 0.5637551546096802,
    "iptm": 0.0,
    "ligand_iptm": 0.0,
    "protein_iptm": 0.0,
    "complex_plddt": 0.8959612250328064,
    "complex_iplddt": 0.0,
    "complex_pde": 0.5589582324028015,
    "complex_ipde": 0.0,
    "chains_ptm": {
        "0": 0.5637551546096802
    },
    "pair_chains_iptm": {
        "0": {
            "0": 0.5637551546096802
        }
    }
}