{
    "plddt": 92.8640365600586,
    "gpde": 0.3411494493484497,
    "ptm": 0.9566457867622375,
    "iptm": 0.0,
    "chain_gpde": [
        0.3411494493484497
    ],
    "chain_pair_gpde": [
        [
            0.0
        ]
    ],
    "chain_ptm": [
        0.9566457867622375
    ],
    "chain_iptm": [
        0.0
    ],
    "chain_pair_iptm": [
        [
            0.0
        ]
    ],
    "chain_pair_iptm_global": [
        [
            0.0
        ]
    ],
    "chain_plddt": [
        0.9286403656005859
    ],
    "chain_pair_plddt": [
        [
            0.0
        ]
    ],
    "has_clash": false,
    "disorder": 0.0,
    "ranking_score": 0.19132916629314423,
    "num_recycles": 10
}