{
    "plddt": 92.7915267944336,
    "gpde": 0.3442588448524475,
    "ptm": 0.9561166167259216,
    "iptm": 0.0,
    "chain_gpde": [
        0.3442588448524475
    ],
    "chain_pair_gpde": [
        [
            0.0
        ]
    ],
    "chain_ptm": [
        0.9561166167259216
    ],
    "chain_iptm": [
        0.0
    ],
    "chain_pair_iptm": [
        [
            0.0
        ]
    ],
    "chain_pair_iptm_global": [
        [
            0.0
        ]
    ],
    "chain_plddt": [
        0.9279152750968933
    ],
    "chain_pair_plddt": [
        [
            0.0
        ]
    ],
    "has_clash": false,
    "disorder": 0.0,
    "ranking_score": 0.19122332334518433,
    "num_recycles": 10
}