{
  "aggregate_score": 0.1675737351179123,
  "ptm": 0.8378686308860779,
  "iptm": 0.0,
  "per_chain_ptm": 0.8378686308860779,
  "per_chain_pair_iptm": 0.8378686308860779,
  "has_inter_chain_clashes": false,
  "chain_chain_clashes": 0
}