{
  "aggregate_score": 0.1684391349554062,
  "ptm": 0.8421956300735474,
  "iptm": 0.0,
  "per_chain_ptm": 0.8421956300735474,
  "per_chain_pair_iptm": 0.8421956300735474,
  "has_inter_chain_clashes": false,
  "chain_chain_clashes": 0
}