{
  "aggregate_score": 0.16849760711193085,
  "ptm": 0.8424879908561707,
  "iptm": 0.0,
  "per_chain_ptm": 0.8424879908561707,
  "per_chain_pair_iptm": 0.8424879908561707,
  "has_inter_chain_clashes": false,
  "chain_chain_clashes": 0
}