{
    "plddt": 86.6432876586914,
    "gpde": 0.5502550601959229,
    "ptm": 0.6404751539230347,
    "iptm": 0.0,
    "chain_gpde": [
        0.5502550601959229
    ],
    "chain_pair_gpde": [
        [
            0.0
        ]
    ],
    "chain_ptm": [
        0.6404751539230347
    ],
    "chain_iptm": [
        0.0
    ],
    "chain_pair_iptm": [
        [
            0.0
        ]
    ],
    "chain_pair_iptm_global": [
        [
            0.0
        ]
    ],
    "chain_plddt": [
        0.8664328455924988
    ],
    "chain_pair_plddt": [
        [
            0.0
        ]
    ],
    "has_clash": false,
    "disorder": 0.0,
    "ranking_score": 0.12809503078460693,
    "num_recycles": 10
}