{
  "aggregate_score": 0.17030875384807587,
  "ptm": 0.8515437245368958,
  "iptm": 0.0,
  "per_chain_ptm": 0.8515437245368958,
  "per_chain_pair_iptm": 0.8515437245368958,
  "has_inter_chain_clashes": false,
  "chain_chain_clashes": 0
}