{
    "confidence_score": 0.9536758661270142,
    "ptm": 0.9325968623161316,
    "iptm": 0.0,
    "ligand_iptm": 0.0,
    "protein_iptm": 0.0,
    "complex_plddt": 0.958945631980896,
    "complex_iplddt": 0.0,
    "complex_pde": 0.35631081461906433,
    "complex_ipde": 0.0,
    "chains_ptm": {
        "0": 0.9325968623161316
    },
    "pair_chains_iptm": {
        "0": {
            "0": 0.9325968623161316
        }
    }
}