{
    "confidence_score": 0.9518257975578308,
    "ptm": 0.9283251762390137,
    "iptm": 0.0,
    "ligand_iptm": 0.0,
    "protein_iptm": 0.0,
    "complex_plddt": 0.9577009677886963,
    "complex_iplddt": 0.0,
    "complex_pde": 0.3707825243473053,
    "complex_ipde": 0.0,
    "chains_ptm": {
        "0": 0.9283251762390137
    },
    "pair_chains_iptm": {
        "0": {
            "0": 0.9283251762390137
        }
    }
}