{
  "aggregate_score": 0.17055857181549072,
  "ptm": 0.8527928590774536,
  "iptm": 0.0,
  "per_chain_ptm": 0.8527928590774536,
  "per_chain_pair_iptm": 0.8527928590774536,
  "has_inter_chain_clashes": false,
  "chain_chain_clashes": 0
}