{
    "confidence_score": 0.7811582088470459,
    "ptm": 0.5071740746498108,
    "iptm": 0.0,
    "ligand_iptm": 0.0,
    "protein_iptm": 0.0,
    "complex_plddt": 0.8496542572975159,
    "complex_iplddt": 0.0,
    "complex_pde": 1.054429054260254,
    "complex_ipde": 0.0,
    "chains_ptm": {
        "0": 0.5071740746498108
    },
    "pair_chains_iptm": {
        "0": {
            "0": 0.5071740746498108
        }
    }
}