{
    "confidence_score": 0.7845817804336548,
    "ptm": 0.5209451913833618,
    "iptm": 0.0,
    "ligand_iptm": 0.0,
    "protein_iptm": 0.0,
    "complex_plddt": 0.8504908680915833,
    "complex_iplddt": 0.0,
    "complex_pde": 1.0369336605072021,
    "complex_ipde": 0.0,
    "chains_ptm": {
        "0": 0.5209451913833618
    },
    "pair_chains_iptm": {
        "0": {
            "0": 0.5209451913833618
        }
    }
}