{
    "plddt": 90.01842498779297,
    "gpde": 0.5077714323997498,
    "ptm": 0.820235550403595,
    "iptm": 0.0,
    "chain_gpde": [
        0.5077714323997498
    ],
    "chain_pair_gpde": [
        [
            0.0
        ]
    ],
    "chain_ptm": [
        0.820235550403595
    ],
    "chain_iptm": [
        0.0
    ],
    "chain_pair_iptm": [
        [
            0.0
        ]
    ],
    "chain_pair_iptm_global": [
        [
            0.0
        ]
    ],
    "chain_plddt": [
        0.9001842141151428
    ],
    "chain_pair_plddt": [
        [
            0.0
        ]
    ],
    "has_clash": false,
    "disorder": 0.0,
    "ranking_score": 0.16404710710048676,
    "num_recycles": 10
}