{
    "plddt": 91.32843780517578,
    "gpde": 0.41138577461242676,
    "ptm": 0.9262086749076843,
    "iptm": 0.0,
    "chain_gpde": [
        0.41138577461242676
    ],
    "chain_pair_gpde": [
        [
            0.0
        ]
    ],
    "chain_ptm": [
        0.9262086749076843
    ],
    "chain_iptm": [
        0.0
    ],
    "chain_pair_iptm": [
        [
            0.0
        ]
    ],
    "chain_pair_iptm_global": [
        [
            0.0
        ]
    ],
    "chain_plddt": [
        0.9132843613624573
    ],
    "chain_pair_plddt": [
        [
            0.0
        ]
    ],
    "has_clash": false,
    "disorder": 0.0,
    "ranking_score": 0.18524174392223358,
    "num_recycles": 10
}