{
    "plddt": 75.80819702148438,
    "gpde": 1.2918994426727295,
    "ptm": 0.6723809838294983,
    "iptm": 0.0,
    "chain_gpde": [
        1.2918994426727295
    ],
    "chain_pair_gpde": [
        [
            0.0
        ]
    ],
    "chain_ptm": [
        0.6723809838294983
    ],
    "chain_iptm": [
        0.0
    ],
    "chain_pair_iptm": [
        [
            0.0
        ]
    ],
    "chain_pair_iptm_global": [
        [
            0.0
        ]
    ],
    "chain_plddt": [
        0.7580819725990295
    ],
    "chain_pair_plddt": [
        [
            0.0
        ]
    ],
    "has_clash": false,
    "disorder": 0.0,
    "ranking_score": 0.1344761997461319,
    "num_recycles": 10
}