{
    "plddt": 77.71185302734375,
    "gpde": 1.2162182331085205,
    "ptm": 0.7021498084068298,
    "iptm": 0.0,
    "chain_gpde": [
        1.2162182331085205
    ],
    "chain_pair_gpde": [
        [
            0.0
        ]
    ],
    "chain_ptm": [
        0.7021498084068298
    ],
    "chain_iptm": [
        0.0
    ],
    "chain_pair_iptm": [
        [
            0.0
        ]
    ],
    "chain_pair_iptm_global": [
        [
            0.0
        ]
    ],
    "chain_plddt": [
        0.7771185636520386
    ],
    "chain_pair_plddt": [
        [
            0.0
        ]
    ],
    "has_clash": false,
    "disorder": 0.0,
    "ranking_score": 0.14042995870113373,
    "num_recycles": 10
}