{
  "aggregate_score": 0.12496640533208847,
  "ptm": 0.624832034111023,
  "iptm": 0.0,
  "per_chain_ptm": 0.624832034111023,
  "per_chain_pair_iptm": 0.624832034111023,
  "has_inter_chain_clashes": false,
  "chain_chain_clashes": 0
}