{
  "aggregate_score": 0.18972650170326233,
  "ptm": 0.9486324787139893,
  "iptm": 0.0,
  "per_chain_ptm": 0.9486324787139893,
  "per_chain_pair_iptm": 0.9486324787139893,
  "has_inter_chain_clashes": false,
  "chain_chain_clashes": 0
}