{
  "aggregate_score": 0.1454765349626541,
  "ptm": 0.7273826599121094,
  "iptm": 0.0,
  "per_chain_ptm": 0.7273826599121094,
  "per_chain_pair_iptm": 0.7273826599121094,
  "has_inter_chain_clashes": false,
  "chain_chain_clashes": 0
}