{
    "plddt": 93.1927719116211,
    "gpde": 0.3432423770427704,
    "ptm": 0.8961604237556458,
    "iptm": 0.0,
    "chain_gpde": [
        0.3432423770427704
    ],
    "chain_pair_gpde": [
        [
            0.0
        ]
    ],
    "chain_ptm": [
        0.8961604237556458
    ],
    "chain_iptm": [
        0.0
    ],
    "chain_pair_iptm": [
        [
            0.0
        ]
    ],
    "chain_pair_iptm_global": [
        [
            0.0
        ]
    ],
    "chain_plddt": [
        0.9319277405738831
    ],
    "chain_pair_plddt": [
        [
            0.0
        ]
    ],
    "has_clash": false,
    "disorder": 0.0,
    "ranking_score": 0.17923209071159363,
    "num_recycles": 10
}