{
    "plddt": 93.19361114501953,
    "gpde": 0.34372028708457947,
    "ptm": 0.8967890739440918,
    "iptm": 0.0,
    "chain_gpde": [
        0.34372028708457947
    ],
    "chain_pair_gpde": [
        [
            0.0
        ]
    ],
    "chain_ptm": [
        0.8967890739440918
    ],
    "chain_iptm": [
        0.0
    ],
    "chain_pair_iptm": [
        [
            0.0
        ]
    ],
    "chain_pair_iptm_global": [
        [
            0.0
        ]
    ],
    "chain_plddt": [
        0.9319360852241516
    ],
    "chain_pair_plddt": [
        [
            0.0
        ]
    ],
    "has_clash": false,
    "disorder": 0.0,
    "ranking_score": 0.17935781180858612,
    "num_recycles": 10
}