{
    "plddt": 93.13037109375,
    "gpde": 0.3443208932876587,
    "ptm": 0.896599292755127,
    "iptm": 0.0,
    "chain_gpde": [
        0.3443208932876587
    ],
    "chain_pair_gpde": [
        [
            0.0
        ]
    ],
    "chain_ptm": [
        0.896599292755127
    ],
    "chain_iptm": [
        0.0
    ],
    "chain_pair_iptm": [
        [
            0.0
        ]
    ],
    "chain_pair_iptm_global": [
        [
            0.0
        ]
    ],
    "chain_plddt": [
        0.9313036799430847
    ],
    "chain_pair_plddt": [
        [
            0.0
        ]
    ],
    "has_clash": false,
    "disorder": 0.0,
    "ranking_score": 0.1793198585510254,
    "num_recycles": 10
}