{
    "plddt": 93.12335968017578,
    "gpde": 0.34446319937705994,
    "ptm": 0.8962794542312622,
    "iptm": 0.0,
    "chain_gpde": [
        0.34446319937705994
    ],
    "chain_pair_gpde": [
        [
            0.0
        ]
    ],
    "chain_ptm": [
        0.8962794542312622
    ],
    "chain_iptm": [
        0.0
    ],
    "chain_pair_iptm": [
        [
            0.0
        ]
    ],
    "chain_pair_iptm_global": [
        [
            0.0
        ]
    ],
    "chain_plddt": [
        0.9312335848808289
    ],
    "chain_pair_plddt": [
        [
            0.0
        ]
    ],
    "has_clash": false,
    "disorder": 0.0,
    "ranking_score": 0.1792558878660202,
    "num_recycles": 10
}