{
    "confidence_score": 0.9710866808891296,
    "ptm": 0.9565699100494385,
    "iptm": 0.0,
    "ligand_iptm": 0.0,
    "protein_iptm": 0.0,
    "complex_plddt": 0.9747159481048584,
    "complex_iplddt": 0.0,
    "complex_pde": 0.2971850633621216,
    "complex_ipde": 0.0,
    "chains_ptm": {
        "0": 0.9565699100494385
    },
    "pair_chains_iptm": {
        "0": {
            "0": 0.9565699100494385
        }
    }
}