{
    "confidence_score": 0.9711313247680664,
    "ptm": 0.9578859806060791,
    "iptm": 0.0,
    "ligand_iptm": 0.0,
    "protein_iptm": 0.0,
    "complex_plddt": 0.9744426012039185,
    "complex_iplddt": 0.0,
    "complex_pde": 0.29757314920425415,
    "complex_ipde": 0.0,
    "chains_ptm": {
        "0": 0.9578859806060791
    },
    "pair_chains_iptm": {
        "0": {
            "0": 0.9578859806060791
        }
    }
}