{
    "confidence_score": 0.9717335104942322,
    "ptm": 0.9588552713394165,
    "iptm": 0.0,
    "ligand_iptm": 0.0,
    "protein_iptm": 0.0,
    "complex_plddt": 0.9749530553817749,
    "complex_iplddt": 0.0,
    "complex_pde": 0.29583364725112915,
    "complex_ipde": 0.0,
    "chains_ptm": {
        "0": 0.9588552713394165
    },
    "pair_chains_iptm": {
        "0": {
            "0": 0.9588552713394165
        }
    }
}