{
    "plddt": 93.53437805175781,
    "gpde": 0.34787309169769287,
    "ptm": 0.8929743766784668,
    "iptm": 0.0,
    "chain_gpde": [
        0.34787309169769287
    ],
    "chain_pair_gpde": [
        [
            0.0
        ]
    ],
    "chain_ptm": [
        0.8929743766784668
    ],
    "chain_iptm": [
        0.0
    ],
    "chain_pair_iptm": [
        [
            0.0
        ]
    ],
    "chain_pair_iptm_global": [
        [
            0.0
        ]
    ],
    "chain_plddt": [
        0.9353438019752502
    ],
    "chain_pair_plddt": [
        [
            0.0
        ]
    ],
    "has_clash": false,
    "disorder": 0.0,
    "ranking_score": 0.17859487235546112,
    "num_recycles": 10
}