{
    "plddt": 93.38148498535156,
    "gpde": 0.35053756833076477,
    "ptm": 0.888032078742981,
    "iptm": 0.0,
    "chain_gpde": [
        0.35053756833076477
    ],
    "chain_pair_gpde": [
        [
            0.0
        ]
    ],
    "chain_ptm": [
        0.888032078742981
    ],
    "chain_iptm": [
        0.0
    ],
    "chain_pair_iptm": [
        [
            0.0
        ]
    ],
    "chain_pair_iptm_global": [
        [
            0.0
        ]
    ],
    "chain_plddt": [
        0.9338148236274719
    ],
    "chain_pair_plddt": [
        [
            0.0
        ]
    ],
    "has_clash": false,
    "disorder": 0.0,
    "ranking_score": 0.17760641872882843,
    "num_recycles": 10
}