{
    "plddt": 93.26043701171875,
    "gpde": 0.352608323097229,
    "ptm": 0.8833658695220947,
    "iptm": 0.0,
    "chain_gpde": [
        0.352608323097229
    ],
    "chain_pair_gpde": [
        [
            0.0
        ]
    ],
    "chain_ptm": [
        0.8833658695220947
    ],
    "chain_iptm": [
        0.0
    ],
    "chain_pair_iptm": [
        [
            0.0
        ]
    ],
    "chain_pair_iptm_global": [
        [
            0.0
        ]
    ],
    "chain_plddt": [
        0.9326043725013733
    ],
    "chain_pair_plddt": [
        [
            0.0
        ]
    ],
    "has_clash": false,
    "disorder": 0.0,
    "ranking_score": 0.17667317390441895,
    "num_recycles": 10
}