{
    "plddt": 93.60271453857422,
    "gpde": 0.34626731276512146,
    "ptm": 0.8957197666168213,
    "iptm": 0.0,
    "chain_gpde": [
        0.34626731276512146
    ],
    "chain_pair_gpde": [
        [
            0.0
        ]
    ],
    "chain_ptm": [
        0.8957197666168213
    ],
    "chain_iptm": [
        0.0
    ],
    "chain_pair_iptm": [
        [
            0.0
        ]
    ],
    "chain_pair_iptm_global": [
        [
            0.0
        ]
    ],
    "chain_plddt": [
        0.9360271692276001
    ],
    "chain_pair_plddt": [
        [
            0.0
        ]
    ],
    "has_clash": false,
    "disorder": 0.0,
    "ranking_score": 0.17914395034313202,
    "num_recycles": 10
}