{
    "plddt": 93.53628540039062,
    "gpde": 0.34703487157821655,
    "ptm": 0.8931872248649597,
    "iptm": 0.0,
    "chain_gpde": [
        0.34703487157821655
    ],
    "chain_pair_gpde": [
        [
            0.0
        ]
    ],
    "chain_ptm": [
        0.8931872248649597
    ],
    "chain_iptm": [
        0.0
    ],
    "chain_pair_iptm": [
        [
            0.0
        ]
    ],
    "chain_pair_iptm_global": [
        [
            0.0
        ]
    ],
    "chain_plddt": [
        0.9353628158569336
    ],
    "chain_pair_plddt": [
        [
            0.0
        ]
    ],
    "has_clash": false,
    "disorder": 0.0,
    "ranking_score": 0.17863744497299194,
    "num_recycles": 10
}