{
    "plddt": 92.83432006835938,
    "gpde": 0.3623884618282318,
    "ptm": 0.9649322628974915,
    "iptm": 0.0,
    "chain_gpde": [
        0.3623884618282318
    ],
    "chain_pair_gpde": [
        [
            0.0
        ]
    ],
    "chain_ptm": [
        0.9649322628974915
    ],
    "chain_iptm": [
        0.0
    ],
    "chain_pair_iptm": [
        [
            0.0
        ]
    ],
    "chain_pair_iptm_global": [
        [
            0.0
        ]
    ],
    "chain_plddt": [
        0.9283431768417358
    ],
    "chain_pair_plddt": [
        [
            0.0
        ]
    ],
    "has_clash": false,
    "disorder": 0.0,
    "ranking_score": 0.19298645853996277,
    "num_recycles": 10
}