{
    "plddt": 92.66232299804688,
    "gpde": 0.3672056794166565,
    "ptm": 0.9636597037315369,
    "iptm": 0.0,
    "chain_gpde": [
        0.3672056794166565
    ],
    "chain_pair_gpde": [
        [
            0.0
        ]
    ],
    "chain_ptm": [
        0.9636597037315369
    ],
    "chain_iptm": [
        0.0
    ],
    "chain_pair_iptm": [
        [
            0.0
        ]
    ],
    "chain_pair_iptm_global": [
        [
            0.0
        ]
    ],
    "chain_plddt": [
        0.9266232252120972
    ],
    "chain_pair_plddt": [
        [
            0.0
        ]
    ],
    "has_clash": false,
    "disorder": 0.0,
    "ranking_score": 0.19273194670677185,
    "num_recycles": 10
}