{
    "confidence_score": 0.8247214555740356,
    "ptm": 0.7908009886741638,
    "iptm": 0.0,
    "ligand_iptm": 0.0,
    "protein_iptm": 0.0,
    "complex_plddt": 0.83320152759552,
    "complex_iplddt": 0.0,
    "complex_pde": 0.5928277969360352,
    "complex_ipde": 0.0,
    "chains_ptm": {
        "0": 0.7908009886741638
    },
    "pair_chains_iptm": {
        "0": {
            "0": 0.7908009886741638
        }
    }
}