{
    "plddt": 81.2108154296875,
    "gpde": 0.8009977340698242,
    "ptm": 0.5287123918533325,
    "iptm": 0.0,
    "chain_gpde": [
        0.8009977340698242
    ],
    "chain_pair_gpde": [
        [
            0.0
        ]
    ],
    "chain_ptm": [
        0.5287123918533325
    ],
    "chain_iptm": [
        0.0
    ],
    "chain_pair_iptm": [
        [
            0.0
        ]
    ],
    "chain_pair_iptm_global": [
        [
            0.0
        ]
    ],
    "chain_plddt": [
        0.8121081590652466
    ],
    "chain_pair_plddt": [
        [
            0.0
        ]
    ],
    "has_clash": false,
    "disorder": 0.0,
    "ranking_score": 0.10574247688055038,
    "num_recycles": 10
}