{
    "plddt": 81.17254638671875,
    "gpde": 0.8016620874404907,
    "ptm": 0.5256384611129761,
    "iptm": 0.0,
    "chain_gpde": [
        0.8016620874404907
    ],
    "chain_pair_gpde": [
        [
            0.0
        ]
    ],
    "chain_ptm": [
        0.5256384611129761
    ],
    "chain_iptm": [
        0.0
    ],
    "chain_pair_iptm": [
        [
            0.0
        ]
    ],
    "chain_pair_iptm_global": [
        [
            0.0
        ]
    ],
    "chain_plddt": [
        0.8117254972457886
    ],
    "chain_pair_plddt": [
        [
            0.0
        ]
    ],
    "has_clash": false,
    "disorder": 0.0,
    "ranking_score": 0.10512769222259521,
    "num_recycles": 10
}