{
    "confidence_score": 0.9083269238471985,
    "ptm": 0.9168432354927063,
    "iptm": 0.0,
    "ligand_iptm": 0.0,
    "protein_iptm": 0.0,
    "complex_plddt": 0.9061978459358215,
    "complex_iplddt": 0.0,
    "complex_pde": 0.4000346064567566,
    "complex_ipde": 0.0,
    "chains_ptm": {
        "0": 0.9168432354927063
    },
    "pair_chains_iptm": {
        "0": {
            "0": 0.9168432354927063
        }
    }
}