{
    "plddt": 91.3324203491211,
    "gpde": 0.41118934750556946,
    "ptm": 0.9382603764533997,
    "iptm": 0.0,
    "chain_gpde": [
        0.41118934750556946
    ],
    "chain_pair_gpde": [
        [
            0.0
        ]
    ],
    "chain_ptm": [
        0.9382603764533997
    ],
    "chain_iptm": [
        0.0
    ],
    "chain_pair_iptm": [
        [
            0.0
        ]
    ],
    "chain_pair_iptm_global": [
        [
            0.0
        ]
    ],
    "chain_plddt": [
        0.913324236869812
    ],
    "chain_pair_plddt": [
        [
            0.0
        ]
    ],
    "has_clash": false,
    "disorder": 0.0,
    "ranking_score": 0.1876520812511444,
    "num_recycles": 10
}