{
    "plddt": 91.37351989746094,
    "gpde": 0.40951770544052124,
    "ptm": 0.9393194913864136,
    "iptm": 0.0,
    "chain_gpde": [
        0.40951770544052124
    ],
    "chain_pair_gpde": [
        [
            0.0
        ]
    ],
    "chain_ptm": [
        0.9393194913864136
    ],
    "chain_iptm": [
        0.0
    ],
    "chain_pair_iptm": [
        [
            0.0
        ]
    ],
    "chain_pair_iptm_global": [
        [
            0.0
        ]
    ],
    "chain_plddt": [
        0.9137352108955383
    ],
    "chain_pair_plddt": [
        [
            0.0
        ]
    ],
    "has_clash": false,
    "disorder": 0.0,
    "ranking_score": 0.18786390125751495,
    "num_recycles": 10
}