{
    "plddt": 91.37442779541016,
    "gpde": 0.410266250371933,
    "ptm": 0.9395653009414673,
    "iptm": 0.0,
    "chain_gpde": [
        0.410266250371933
    ],
    "chain_pair_gpde": [
        [
            0.0
        ]
    ],
    "chain_ptm": [
        0.9395653009414673
    ],
    "chain_iptm": [
        0.0
    ],
    "chain_pair_iptm": [
        [
            0.0
        ]
    ],
    "chain_pair_iptm_global": [
        [
            0.0
        ]
    ],
    "chain_plddt": [
        0.9137442708015442
    ],
    "chain_pair_plddt": [
        [
            0.0
        ]
    ],
    "has_clash": false,
    "disorder": 0.0,
    "ranking_score": 0.18791306018829346,
    "num_recycles": 10
}