{
    "plddt": 91.36134338378906,
    "gpde": 0.4103033244609833,
    "ptm": 0.9393543004989624,
    "iptm": 0.0,
    "chain_gpde": [
        0.4103033244609833
    ],
    "chain_pair_gpde": [
        [
            0.0
        ]
    ],
    "chain_ptm": [
        0.9393543004989624
    ],
    "chain_iptm": [
        0.0
    ],
    "chain_pair_iptm": [
        [
            0.0
        ]
    ],
    "chain_pair_iptm_global": [
        [
            0.0
        ]
    ],
    "chain_plddt": [
        0.9136134386062622
    ],
    "chain_pair_plddt": [
        [
            0.0
        ]
    ],
    "has_clash": false,
    "disorder": 0.0,
    "ranking_score": 0.18787086009979248,
    "num_recycles": 10
}