{
    "plddt": 89.57828521728516,
    "gpde": 0.40007296204566956,
    "ptm": 0.872768759727478,
    "iptm": 0.0,
    "chain_gpde": [
        0.40007296204566956
    ],
    "chain_pair_gpde": [
        [
            0.0
        ]
    ],
    "chain_ptm": [
        0.872768759727478
    ],
    "chain_iptm": [
        0.0
    ],
    "chain_pair_iptm": [
        [
            0.0
        ]
    ],
    "chain_pair_iptm_global": [
        [
            0.0
        ]
    ],
    "chain_plddt": [
        0.8957828879356384
    ],
    "chain_pair_plddt": [
        [
            0.0
        ]
    ],
    "has_clash": false,
    "disorder": 0.0,
    "ranking_score": 0.1745537519454956,
    "num_recycles": 10
}