{
    "plddt": 88.53549194335938,
    "gpde": 0.4211069643497467,
    "ptm": 0.8390465378761292,
    "iptm": 0.0,
    "chain_gpde": [
        0.4211069643497467
    ],
    "chain_pair_gpde": [
        [
            0.0
        ]
    ],
    "chain_ptm": [
        0.8390465378761292
    ],
    "chain_iptm": [
        0.0
    ],
    "chain_pair_iptm": [
        [
            0.0
        ]
    ],
    "chain_pair_iptm_global": [
        [
            0.0
        ]
    ],
    "chain_plddt": [
        0.8853549361228943
    ],
    "chain_pair_plddt": [
        [
            0.0
        ]
    ],
    "has_clash": false,
    "disorder": 0.0,
    "ranking_score": 0.16780930757522583,
    "num_recycles": 10
}