{
    "plddt": 82.4602279663086,
    "gpde": 0.7815609574317932,
    "ptm": 0.7481420040130615,
    "iptm": 0.0,
    "chain_gpde": [
        0.7815609574317932
    ],
    "chain_pair_gpde": [
        [
            0.0
        ]
    ],
    "chain_ptm": [
        0.7481420040130615
    ],
    "chain_iptm": [
        0.0
    ],
    "chain_pair_iptm": [
        [
            0.0
        ]
    ],
    "chain_pair_iptm_global": [
        [
            0.0
        ]
    ],
    "chain_plddt": [
        0.8246023058891296
    ],
    "chain_pair_plddt": [
        [
            0.0
        ]
    ],
    "has_clash": false,
    "disorder": 0.0,
    "ranking_score": 0.1496284008026123,
    "num_recycles": 10
}