{
    "plddt": 81.9958267211914,
    "gpde": 0.7933363318443298,
    "ptm": 0.744605302810669,
    "iptm": 0.0,
    "chain_gpde": [
        0.7933363318443298
    ],
    "chain_pair_gpde": [
        [
            0.0
        ]
    ],
    "chain_ptm": [
        0.744605302810669
    ],
    "chain_iptm": [
        0.0
    ],
    "chain_pair_iptm": [
        [
            0.0
        ]
    ],
    "chain_pair_iptm_global": [
        [
            0.0
        ]
    ],
    "chain_plddt": [
        0.8199582695960999
    ],
    "chain_pair_plddt": [
        [
            0.0
        ]
    ],
    "has_clash": false,
    "disorder": 0.0,
    "ranking_score": 0.14892105758190155,
    "num_recycles": 10
}