{
    "plddt": 87.31073760986328,
    "gpde": 0.46378085017204285,
    "ptm": 0.6248797178268433,
    "iptm": 0.0,
    "chain_gpde": [
        0.46378085017204285
    ],
    "chain_pair_gpde": [
        [
            0.0
        ]
    ],
    "chain_ptm": [
        0.6248797178268433
    ],
    "chain_iptm": [
        0.0
    ],
    "chain_pair_iptm": [
        [
            0.0
        ]
    ],
    "chain_pair_iptm_global": [
        [
            0.0
        ]
    ],
    "chain_plddt": [
        0.873107373714447
    ],
    "chain_pair_plddt": [
        [
            0.0
        ]
    ],
    "has_clash": false,
    "disorder": 0.0,
    "ranking_score": 0.12497594207525253,
    "num_recycles": 10
}