{
    "confidence_score": 0.8830852508544922,
    "ptm": 0.8543792963027954,
    "iptm": 0.0,
    "ligand_iptm": 0.0,
    "protein_iptm": 0.0,
    "complex_plddt": 0.890261709690094,
    "complex_iplddt": 0.0,
    "complex_pde": 0.4417246878147125,
    "complex_ipde": 0.0,
    "chains_ptm": {
        "0": 0.8543792963027954
    },
    "pair_chains_iptm": {
        "0": {
            "0": 0.8543792963027954
        }
    }
}