{
    "confidence_score": 0.8839492797851562,
    "ptm": 0.8533820509910583,
    "iptm": 0.0,
    "ligand_iptm": 0.0,
    "protein_iptm": 0.0,
    "complex_plddt": 0.8915911316871643,
    "complex_iplddt": 0.0,
    "complex_pde": 0.44838109612464905,
    "complex_ipde": 0.0,
    "chains_ptm": {
        "0": 0.8533820509910583
    },
    "pair_chains_iptm": {
        "0": {
            "0": 0.8533820509910583
        }
    }
}