{
  "aggregate_score": 0.15303848683834076,
  "ptm": 0.7651923894882202,
  "iptm": 0.0,
  "per_chain_ptm": 0.7651923894882202,
  "per_chain_pair_iptm": 0.7651923894882202,
  "has_inter_chain_clashes": false,
  "chain_chain_clashes": 0
}