{
  "aggregate_score": 0.15296605229377747,
  "ptm": 0.7648302316665649,
  "iptm": 0.0,
  "per_chain_ptm": 0.7648302316665649,
  "per_chain_pair_iptm": 0.7648302316665649,
  "has_inter_chain_clashes": false,
  "chain_chain_clashes": 0
}