{
  "aggregate_score": 0.15408560633659363,
  "ptm": 0.7704280018806458,
  "iptm": 0.0,
  "per_chain_ptm": 0.7704280018806458,
  "per_chain_pair_iptm": 0.7704280018806458,
  "has_inter_chain_clashes": false,
  "chain_chain_clashes": 0
}