{
    "plddt": 92.04977416992188,
    "gpde": 0.4518089294433594,
    "ptm": 0.9370406866073608,
    "iptm": 0.0,
    "chain_gpde": [
        0.4518089294433594
    ],
    "chain_pair_gpde": [
        [
            0.0
        ]
    ],
    "chain_ptm": [
        0.9370406866073608
    ],
    "chain_iptm": [
        0.0
    ],
    "chain_pair_iptm": [
        [
            0.0
        ]
    ],
    "chain_pair_iptm_global": [
        [
            0.0
        ]
    ],
    "chain_plddt": [
        0.9204977750778198
    ],
    "chain_pair_plddt": [
        [
            0.0
        ]
    ],
    "has_clash": false,
    "disorder": 0.0,
    "ranking_score": 0.18740813434123993,
    "num_recycles": 10
}