{
    "plddt": 91.94822692871094,
    "gpde": 0.4569784104824066,
    "ptm": 0.9361165761947632,
    "iptm": 0.0,
    "chain_gpde": [
        0.4569784104824066
    ],
    "chain_pair_gpde": [
        [
            0.0
        ]
    ],
    "chain_ptm": [
        0.9361165761947632
    ],
    "chain_iptm": [
        0.0
    ],
    "chain_pair_iptm": [
        [
            0.0
        ]
    ],
    "chain_pair_iptm_global": [
        [
            0.0
        ]
    ],
    "chain_plddt": [
        0.9194822311401367
    ],
    "chain_pair_plddt": [
        [
            0.0
        ]
    ],
    "has_clash": false,
    "disorder": 0.0,
    "ranking_score": 0.18722331523895264,
    "num_recycles": 10
}