{
    "plddt": 92.04451751708984,
    "gpde": 0.4504978358745575,
    "ptm": 0.9375375509262085,
    "iptm": 0.0,
    "chain_gpde": [
        0.4504978358745575
    ],
    "chain_pair_gpde": [
        [
            0.0
        ]
    ],
    "chain_ptm": [
        0.9375375509262085
    ],
    "chain_iptm": [
        0.0
    ],
    "chain_pair_iptm": [
        [
            0.0
        ]
    ],
    "chain_pair_iptm_global": [
        [
            0.0
        ]
    ],
    "chain_plddt": [
        0.9204451441764832
    ],
    "chain_pair_plddt": [
        [
            0.0
        ]
    ],
    "has_clash": false,
    "disorder": 0.0,
    "ranking_score": 0.1875075101852417,
    "num_recycles": 10
}