{
    "confidence_score": 0.9438027739524841,
    "ptm": 0.9623757004737854,
    "iptm": 0.0,
    "ligand_iptm": 0.0,
    "protein_iptm": 0.0,
    "complex_plddt": 0.9391595125198364,
    "complex_iplddt": 0.0,
    "complex_pde": 0.3341826796531677,
    "complex_ipde": 0.0,
    "chains_ptm": {
        "0": 0.9623757004737854
    },
    "pair_chains_iptm": {
        "0": {
            "0": 0.9623757004737854
        }
    }
}