{
    "plddt": 87.85269165039062,
    "gpde": 0.48060330748558044,
    "ptm": 0.8310639262199402,
    "iptm": 0.0,
    "chain_gpde": [
        0.48060330748558044
    ],
    "chain_pair_gpde": [
        [
            0.0
        ]
    ],
    "chain_ptm": [
        0.8310639262199402
    ],
    "chain_iptm": [
        0.0
    ],
    "chain_pair_iptm": [
        [
            0.0
        ]
    ],
    "chain_pair_iptm_global": [
        [
            0.0
        ]
    ],
    "chain_plddt": [
        0.8785269260406494
    ],
    "chain_pair_plddt": [
        [
            0.0
        ]
    ],
    "has_clash": false,
    "disorder": 0.0,
    "ranking_score": 0.1662127822637558,
    "num_recycles": 10
}