{
    "plddt": 87.87830352783203,
    "gpde": 0.48038631677627563,
    "ptm": 0.8372213840484619,
    "iptm": 0.0,
    "chain_gpde": [
        0.48038631677627563
    ],
    "chain_pair_gpde": [
        [
            0.0
        ]
    ],
    "chain_ptm": [
        0.8372213840484619
    ],
    "chain_iptm": [
        0.0
    ],
    "chain_pair_iptm": [
        [
            0.0
        ]
    ],
    "chain_pair_iptm_global": [
        [
            0.0
        ]
    ],
    "chain_plddt": [
        0.8787830471992493
    ],
    "chain_pair_plddt": [
        [
            0.0
        ]
    ],
    "has_clash": false,
    "disorder": 0.0,
    "ranking_score": 0.16744427382946014,
    "num_recycles": 10
}