{
  "aggregate_score": 0.12028729170560837,
  "ptm": 0.6014364361763,
  "iptm": 0.0,
  "per_chain_ptm": 0.6014364361763,
  "per_chain_pair_iptm": 0.6014364361763,
  "has_inter_chain_clashes": false,
  "chain_chain_clashes": 0
}