{
  "aggregate_score": 0.12092776596546173,
  "ptm": 0.6046388149261475,
  "iptm": 0.0,
  "per_chain_ptm": 0.6046388149261475,
  "per_chain_pair_iptm": 0.6046388149261475,
  "has_inter_chain_clashes": false,
  "chain_chain_clashes": 0
}