{
  "aggregate_score": 0.11869257688522339,
  "ptm": 0.5934628844261169,
  "iptm": 0.0,
  "per_chain_ptm": 0.5934628844261169,
  "per_chain_pair_iptm": 0.5934628844261169,
  "has_inter_chain_clashes": false,
  "chain_chain_clashes": 0
}