{
  "aggregate_score": 0.12501248717308044,
  "ptm": 0.6250624060630798,
  "iptm": 0.0,
  "per_chain_ptm": 0.6250624060630798,
  "per_chain_pair_iptm": 0.6250624060630798,
  "has_inter_chain_clashes": false,
  "chain_chain_clashes": 0
}