{
  "aggregate_score": 0.12436162680387497,
  "ptm": 0.6218081116676331,
  "iptm": 0.0,
  "per_chain_ptm": 0.6218081116676331,
  "per_chain_pair_iptm": 0.6218081116676331,
  "has_inter_chain_clashes": false,
  "chain_chain_clashes": 0
}