{
    "plddt": 92.98902893066406,
    "gpde": 0.35793888568878174,
    "ptm": 0.9660429358482361,
    "iptm": 0.0,
    "chain_gpde": [
        0.35793888568878174
    ],
    "chain_pair_gpde": [
        [
            0.0
        ]
    ],
    "chain_ptm": [
        0.9660429358482361
    ],
    "chain_iptm": [
        0.0
    ],
    "chain_pair_iptm": [
        [
            0.0
        ]
    ],
    "chain_pair_iptm_global": [
        [
            0.0
        ]
    ],
    "chain_plddt": [
        0.9298902750015259
    ],
    "chain_pair_plddt": [
        [
            0.0
        ]
    ],
    "has_clash": false,
    "disorder": 0.0,
    "ranking_score": 0.19320859014987946,
    "num_recycles": 10
}