{
    "plddt": 88.79206085205078,
    "gpde": 0.509385883808136,
    "ptm": 0.5197260975837708,
    "iptm": 0.0,
    "chain_gpde": [
        0.509385883808136
    ],
    "chain_pair_gpde": [
        [
            0.0
        ]
    ],
    "chain_ptm": [
        0.5197260975837708
    ],
    "chain_iptm": [
        0.0
    ],
    "chain_pair_iptm": [
        [
            0.0
        ]
    ],
    "chain_pair_iptm_global": [
        [
            0.0
        ]
    ],
    "chain_plddt": [
        0.887920618057251
    ],
    "chain_pair_plddt": [
        [
            0.0
        ]
    ],
    "has_clash": false,
    "disorder": 0.0,
    "ranking_score": 0.10394521802663803,
    "num_recycles": 10
}