{
    "plddt": 68.7362060546875,
    "gpde": 1.9695911407470703,
    "ptm": 0.5345168113708496,
    "iptm": 0.0,
    "chain_gpde": [
        1.9695911407470703
    ],
    "chain_pair_gpde": [
        [
            0.0
        ]
    ],
    "chain_ptm": [
        0.5345168113708496
    ],
    "chain_iptm": [
        0.0
    ],
    "chain_pair_iptm": [
        [
            0.0
        ]
    ],
    "chain_pair_iptm_global": [
        [
            0.0
        ]
    ],
    "chain_plddt": [
        0.6873620748519897
    ],
    "chain_pair_plddt": [
        [
            0.0
        ]
    ],
    "has_clash": false,
    "disorder": 0.0,
    "ranking_score": 0.10690336674451828,
    "num_recycles": 10
}