{
    "plddt": 68.3731460571289,
    "gpde": 1.972362995147705,
    "ptm": 0.5329224467277527,
    "iptm": 0.0,
    "chain_gpde": [
        1.972362995147705
    ],
    "chain_pair_gpde": [
        [
            0.0
        ]
    ],
    "chain_ptm": [
        0.5329224467277527
    ],
    "chain_iptm": [
        0.0
    ],
    "chain_pair_iptm": [
        [
            0.0
        ]
    ],
    "chain_pair_iptm_global": [
        [
            0.0
        ]
    ],
    "chain_plddt": [
        0.6837314367294312
    ],
    "chain_pair_plddt": [
        [
            0.0
        ]
    ],
    "has_clash": false,
    "disorder": 0.0,
    "ranking_score": 0.10658448934555054,
    "num_recycles": 10
}