{
    "plddt": 67.88230895996094,
    "gpde": 1.9262508153915405,
    "ptm": 0.5322222709655762,
    "iptm": 0.0,
    "chain_gpde": [
        1.9262508153915405
    ],
    "chain_pair_gpde": [
        [
            0.0
        ]
    ],
    "chain_ptm": [
        0.5322222709655762
    ],
    "chain_iptm": [
        0.0
    ],
    "chain_pair_iptm": [
        [
            0.0
        ]
    ],
    "chain_pair_iptm_global": [
        [
            0.0
        ]
    ],
    "chain_plddt": [
        0.6788231134414673
    ],
    "chain_pair_plddt": [
        [
            0.0
        ]
    ],
    "has_clash": false,
    "disorder": 0.0,
    "ranking_score": 0.10644445568323135,
    "num_recycles": 10
}