{
    "confidence_score": 0.7136580348014832,
    "ptm": 0.5564121007919312,
    "iptm": 0.0,
    "ligand_iptm": 0.0,
    "protein_iptm": 0.0,
    "complex_plddt": 0.75296950340271,
    "complex_iplddt": 0.0,
    "complex_pde": 1.2155992984771729,
    "complex_ipde": 0.0,
    "chains_ptm": {
        "0": 0.5564121007919312
    },
    "pair_chains_iptm": {
        "0": {
            "0": 0.5564121007919312
        }
    }
}