{
    "confidence_score": 0.718266487121582,
    "ptm": 0.5712383985519409,
    "iptm": 0.0,
    "ligand_iptm": 0.0,
    "protein_iptm": 0.0,
    "complex_plddt": 0.7550235390663147,
    "complex_iplddt": 0.0,
    "complex_pde": 1.1771843433380127,
    "complex_ipde": 0.0,
    "chains_ptm": {
        "0": 0.5712383985519409
    },
    "pair_chains_iptm": {
        "0": {
            "0": 0.5712383985519409
        }
    }
}