{
    "plddt": 95.45045471191406,
    "gpde": 0.30437707901000977,
    "ptm": 0.9679886698722839,
    "iptm": 0.0,
    "chain_gpde": [
        0.30437707901000977
    ],
    "chain_pair_gpde": [
        [
            0.0
        ]
    ],
    "chain_ptm": [
        0.9679886698722839
    ],
    "chain_iptm": [
        0.0
    ],
    "chain_pair_iptm": [
        [
            0.0
        ]
    ],
    "chain_pair_iptm_global": [
        [
            0.0
        ]
    ],
    "chain_plddt": [
        0.9545045495033264
    ],
    "chain_pair_plddt": [
        [
            0.0
        ]
    ],
    "has_clash": false,
    "disorder": 0.0,
    "ranking_score": 0.1935977339744568,
    "num_recycles": 10
}