{
    "plddt": 95.42537689208984,
    "gpde": 0.3037709593772888,
    "ptm": 0.9679349064826965,
    "iptm": 0.0,
    "chain_gpde": [
        0.3037709593772888
    ],
    "chain_pair_gpde": [
        [
            0.0
        ]
    ],
    "chain_ptm": [
        0.9679349064826965
    ],
    "chain_iptm": [
        0.0
    ],
    "chain_pair_iptm": [
        [
            0.0
        ]
    ],
    "chain_pair_iptm_global": [
        [
            0.0
        ]
    ],
    "chain_plddt": [
        0.9542537927627563
    ],
    "chain_pair_plddt": [
        [
            0.0
        ]
    ],
    "has_clash": false,
    "disorder": 0.0,
    "ranking_score": 0.19358699023723602,
    "num_recycles": 10
}