{
    "plddt": 95.46907043457031,
    "gpde": 0.3030754327774048,
    "ptm": 0.9680221080780029,
    "iptm": 0.0,
    "chain_gpde": [
        0.3030754327774048
    ],
    "chain_pair_gpde": [
        [
            0.0
        ]
    ],
    "chain_ptm": [
        0.9680221080780029
    ],
    "chain_iptm": [
        0.0
    ],
    "chain_pair_iptm": [
        [
            0.0
        ]
    ],
    "chain_pair_iptm_global": [
        [
            0.0
        ]
    ],
    "chain_plddt": [
        0.95469069480896
    ],
    "chain_pair_plddt": [
        [
            0.0
        ]
    ],
    "has_clash": false,
    "disorder": 0.0,
    "ranking_score": 0.19360442459583282,
    "num_recycles": 10
}