{
  "aggregate_score": 0.1496981680393219,
  "ptm": 0.7484908103942871,
  "iptm": 0.0,
  "per_chain_ptm": 0.7484908103942871,
  "per_chain_pair_iptm": 0.7484908103942871,
  "has_inter_chain_clashes": false,
  "chain_chain_clashes": 0
}