{
  "aggregate_score": 0.04762979969382286,
  "ptm": 0.2381489872932434,
  "iptm": 0.0,
  "per_chain_ptm": 0.2381489872932434,
  "per_chain_pair_iptm": 0.2381489872932434,
  "has_inter_chain_clashes": false,
  "chain_chain_clashes": 0
}