{
  "aggregate_score": 0.18322764337062836,
  "ptm": 0.916138231754303,
  "iptm": 0.0,
  "per_chain_ptm": 0.916138231754303,
  "per_chain_pair_iptm": 0.916138231754303,
  "has_inter_chain_clashes": false,
  "chain_chain_clashes": 0
}