{
  "aggregate_score": 0.18395602703094482,
  "ptm": 0.9197801351547241,
  "iptm": 0.0,
  "per_chain_ptm": 0.9197801351547241,
  "per_chain_pair_iptm": 0.9197801351547241,
  "has_inter_chain_clashes": false,
  "chain_chain_clashes": 0
}