{
    "plddt": 95.4025650024414,
    "gpde": 0.30450236797332764,
    "ptm": 0.967840313911438,
    "iptm": 0.0,
    "chain_gpde": [
        0.30450236797332764
    ],
    "chain_pair_gpde": [
        [
            0.0
        ]
    ],
    "chain_ptm": [
        0.967840313911438
    ],
    "chain_iptm": [
        0.0
    ],
    "chain_pair_iptm": [
        [
            0.0
        ]
    ],
    "chain_pair_iptm_global": [
        [
            0.0
        ]
    ],
    "chain_plddt": [
        0.9540256261825562
    ],
    "chain_pair_plddt": [
        [
            0.0
        ]
    ],
    "has_clash": false,
    "disorder": 0.0,
    "ranking_score": 0.19356806576251984,
    "num_recycles": 10
}