{
    "plddt": 95.45055389404297,
    "gpde": 0.3043176233768463,
    "ptm": 0.9679570198059082,
    "iptm": 0.0,
    "chain_gpde": [
        0.3043176233768463
    ],
    "chain_pair_gpde": [
        [
            0.0
        ]
    ],
    "chain_ptm": [
        0.9679570198059082
    ],
    "chain_iptm": [
        0.0
    ],
    "chain_pair_iptm": [
        [
            0.0
        ]
    ],
    "chain_pair_iptm_global": [
        [
            0.0
        ]
    ],
    "chain_plddt": [
        0.9545055031776428
    ],
    "chain_pair_plddt": [
        [
            0.0
        ]
    ],
    "has_clash": false,
    "disorder": 0.0,
    "ranking_score": 0.1935914009809494,
    "num_recycles": 10
}