{
  "aggregate_score": 0.18926005065441132,
  "ptm": 0.946300208568573,
  "iptm": 0.0,
  "per_chain_ptm": 0.946300208568573,
  "per_chain_pair_iptm": 0.946300208568573,
  "has_inter_chain_clashes": false,
  "chain_chain_clashes": 0
}