{
  "aggregate_score": 0.18930934369564056,
  "ptm": 0.9465466737747192,
  "iptm": 0.0,
  "per_chain_ptm": 0.9465466737747192,
  "per_chain_pair_iptm": 0.9465466737747192,
  "has_inter_chain_clashes": false,
  "chain_chain_clashes": 0
}