{
    "plddt": 88.53668212890625,
    "gpde": 0.4240529537200928,
    "ptm": 0.8510106205940247,
    "iptm": 0.0,
    "chain_gpde": [
        0.4240529537200928
    ],
    "chain_pair_gpde": [
        [
            0.0
        ]
    ],
    "chain_ptm": [
        0.8510106205940247
    ],
    "chain_iptm": [
        0.0
    ],
    "chain_pair_iptm": [
        [
            0.0
        ]
    ],
    "chain_pair_iptm_global": [
        [
            0.0
        ]
    ],
    "chain_plddt": [
        0.8853668570518494
    ],
    "chain_pair_plddt": [
        [
            0.0
        ]
    ],
    "has_clash": false,
    "disorder": 0.0,
    "ranking_score": 0.1702021211385727,
    "num_recycles": 10
}