{
  "aggregate_score": 0.1593116819858551,
  "ptm": 0.7965583801269531,
  "iptm": 0.0,
  "per_chain_ptm": 0.7965583801269531,
  "per_chain_pair_iptm": 0.7965583801269531,
  "has_inter_chain_clashes": false,
  "chain_chain_clashes": 0
}