{
  "aggregate_score": 0.15981093049049377,
  "ptm": 0.7990546226501465,
  "iptm": 0.0,
  "per_chain_ptm": 0.7990546226501465,
  "per_chain_pair_iptm": 0.7990546226501465,
  "has_inter_chain_clashes": false,
  "chain_chain_clashes": 0
}