{
  "aggregate_score": 0.15989713370800018,
  "ptm": 0.7994856834411621,
  "iptm": 0.0,
  "per_chain_ptm": 0.7994856834411621,
  "per_chain_pair_iptm": 0.7994856834411621,
  "has_inter_chain_clashes": false,
  "chain_chain_clashes": 0
}