{
    "confidence_score": 0.7173162698745728,
    "ptm": 0.5674027800559998,
    "iptm": 0.0,
    "ligand_iptm": 0.0,
    "protein_iptm": 0.0,
    "complex_plddt": 0.7547945976257324,
    "complex_iplddt": 0.0,
    "complex_pde": 1.1934510469436646,
    "complex_ipde": 0.0,
    "chains_ptm": {
        "0": 0.5674027800559998
    },
    "pair_chains_iptm": {
        "0": {
            "0": 0.5674027800559998
        }
    }
}