{
    "confidence_score": 0.7275815606117249,
    "ptm": 0.5816965699195862,
    "iptm": 0.0,
    "ligand_iptm": 0.0,
    "protein_iptm": 0.0,
    "complex_plddt": 0.7640528082847595,
    "complex_iplddt": 0.0,
    "complex_pde": 1.0565714836120605,
    "complex_ipde": 0.0,
    "chains_ptm": {
        "0": 0.5816965699195862
    },
    "pair_chains_iptm": {
        "0": {
            "0": 0.5816965699195862
        }
    }
}