{
    "confidence_score": 0.7143767476081848,
    "ptm": 0.5592576265335083,
    "iptm": 0.0,
    "ligand_iptm": 0.0,
    "protein_iptm": 0.0,
    "complex_plddt": 0.7531564831733704,
    "complex_iplddt": 0.0,
    "complex_pde": 1.1998354196548462,
    "complex_ipde": 0.0,
    "chains_ptm": {
        "0": 0.5592576265335083
    },
    "pair_chains_iptm": {
        "0": {
            "0": 0.5592576265335083
        }
    }
}