{
  "aggregate_score": 0.1251867413520813,
  "ptm": 0.6259337067604065,
  "iptm": 0.0,
  "per_chain_ptm": 0.6259337067604065,
  "per_chain_pair_iptm": 0.6259337067604065,
  "has_inter_chain_clashes": false,
  "chain_chain_clashes": 0
}