{
    "plddt": 92.63761901855469,
    "gpde": 0.32490938901901245,
    "ptm": 0.9224916696548462,
    "iptm": 0.0,
    "chain_gpde": [
        0.32490938901901245
    ],
    "chain_pair_gpde": [
        [
            0.0
        ]
    ],
    "chain_ptm": [
        0.9224916696548462
    ],
    "chain_iptm": [
        0.0
    ],
    "chain_pair_iptm": [
        [
            0.0
        ]
    ],
    "chain_pair_iptm_global": [
        [
            0.0
        ]
    ],
    "chain_plddt": [
        0.9263761639595032
    ],
    "chain_pair_plddt": [
        [
            0.0
        ]
    ],
    "has_clash": false,
    "disorder": 0.0,
    "ranking_score": 0.18449833989143372,
    "num_recycles": 10
}