{
    "plddt": 92.57504272460938,
    "gpde": 0.3226795792579651,
    "ptm": 0.9225431680679321,
    "iptm": 0.0,
    "chain_gpde": [
        0.3226795792579651
    ],
    "chain_pair_gpde": [
        [
            0.0
        ]
    ],
    "chain_ptm": [
        0.9225431680679321
    ],
    "chain_iptm": [
        0.0
    ],
    "chain_pair_iptm": [
        [
            0.0
        ]
    ],
    "chain_pair_iptm_global": [
        [
            0.0
        ]
    ],
    "chain_plddt": [
        0.9257504343986511
    ],
    "chain_pair_plddt": [
        [
            0.0
        ]
    ],
    "has_clash": false,
    "disorder": 0.0,
    "ranking_score": 0.18450863659381866,
    "num_recycles": 10
}