{
    "plddt": 92.53611755371094,
    "gpde": 0.32352152466773987,
    "ptm": 0.9223386645317078,
    "iptm": 0.0,
    "chain_gpde": [
        0.32352152466773987
    ],
    "chain_pair_gpde": [
        [
            0.0
        ]
    ],
    "chain_ptm": [
        0.9223386645317078
    ],
    "chain_iptm": [
        0.0
    ],
    "chain_pair_iptm": [
        [
            0.0
        ]
    ],
    "chain_pair_iptm_global": [
        [
            0.0
        ]
    ],
    "chain_plddt": [
        0.925361156463623
    ],
    "chain_pair_plddt": [
        [
            0.0
        ]
    ],
    "has_clash": false,
    "disorder": 0.0,
    "ranking_score": 0.18446773290634155,
    "num_recycles": 10
}