{
  "aggregate_score": 0.047449249774217606,
  "ptm": 0.23724624514579773,
  "iptm": 0.0,
  "per_chain_ptm": 0.23724624514579773,
  "per_chain_pair_iptm": 0.23724624514579773,
  "has_inter_chain_clashes": false,
  "chain_chain_clashes": 0
}