{
  "aggregate_score": 0.047508854418992996,
  "ptm": 0.23754426836967468,
  "iptm": 0.0,
  "per_chain_ptm": 0.23754426836967468,
  "per_chain_pair_iptm": 0.23754426836967468,
  "has_inter_chain_clashes": false,
  "chain_chain_clashes": 0
}