{
  "aggregate_score": 0.047576356679201126,
  "ptm": 0.23788177967071533,
  "iptm": 0.0,
  "per_chain_ptm": 0.23788177967071533,
  "per_chain_pair_iptm": 0.23788177967071533,
  "has_inter_chain_clashes": false,
  "chain_chain_clashes": 0
}