{
    "plddt": 91.11002349853516,
    "gpde": 0.4227426052093506,
    "ptm": 0.9220912456512451,
    "iptm": 0.0,
    "chain_gpde": [
        0.4227426052093506
    ],
    "chain_pair_gpde": [
        [
            0.0
        ]
    ],
    "chain_ptm": [
        0.9220912456512451
    ],
    "chain_iptm": [
        0.0
    ],
    "chain_pair_iptm": [
        [
            0.0
        ]
    ],
    "chain_pair_iptm_global": [
        [
            0.0
        ]
    ],
    "chain_plddt": [
        0.9111002683639526
    ],
    "chain_pair_plddt": [
        [
            0.0
        ]
    ],
    "has_clash": false,
    "disorder": 0.0,
    "ranking_score": 0.18441824615001678,
    "num_recycles": 10
}