{
  "aggregate_score": 0.04736630246043205,
  "ptm": 0.23683151602745056,
  "iptm": 0.0,
  "per_chain_ptm": 0.23683151602745056,
  "per_chain_pair_iptm": 0.23683151602745056,
  "has_inter_chain_clashes": false,
  "chain_chain_clashes": 0
}