{
    "confidence_score": 0.8973690867424011,
    "ptm": 0.8193119168281555,
    "iptm": 0.0,
    "ligand_iptm": 0.0,
    "protein_iptm": 0.0,
    "complex_plddt": 0.9168834090232849,
    "complex_iplddt": 0.0,
    "complex_pde": 0.3964187800884247,
    "complex_ipde": 0.0,
    "chains_ptm": {
        "0": 0.8193119168281555
    },
    "pair_chains_iptm": {
        "0": {
            "0": 0.8193119168281555
        }
    }
}