{
    "confidence_score": 0.8955032229423523,
    "ptm": 0.8147117495536804,
    "iptm": 0.0,
    "ligand_iptm": 0.0,
    "protein_iptm": 0.0,
    "complex_plddt": 0.915701150894165,
    "complex_iplddt": 0.0,
    "complex_pde": 0.41631484031677246,
    "complex_ipde": 0.0,
    "chains_ptm": {
        "0": 0.8147117495536804
    },
    "pair_chains_iptm": {
        "0": {
            "0": 0.8147117495536804
        }
    }
}