{
    "confidence_score": 0.8947407007217407,
    "ptm": 0.8125105500221252,
    "iptm": 0.0,
    "ligand_iptm": 0.0,
    "protein_iptm": 0.0,
    "complex_plddt": 0.9152982234954834,
    "complex_iplddt": 0.0,
    "complex_pde": 0.42237553000450134,
    "complex_ipde": 0.0,
    "chains_ptm": {
        "0": 0.8125105500221252
    },
    "pair_chains_iptm": {
        "0": {
            "0": 0.8125105500221252
        }
    }
}