{
    "plddt": 90.56791687011719,
    "gpde": 0.41984060406684875,
    "ptm": 0.9058842062950134,
    "iptm": 0.0,
    "chain_gpde": [
        0.41984060406684875
    ],
    "chain_pair_gpde": [
        [
            0.0
        ]
    ],
    "chain_ptm": [
        0.9058842062950134
    ],
    "chain_iptm": [
        0.0
    ],
    "chain_pair_iptm": [
        [
            0.0
        ]
    ],
    "chain_pair_iptm_global": [
        [
            0.0
        ]
    ],
    "chain_plddt": [
        0.9056791663169861
    ],
    "chain_pair_plddt": [
        [
            0.0
        ]
    ],
    "has_clash": false,
    "disorder": 0.0,
    "ranking_score": 0.18117684125900269,
    "num_recycles": 10
}