{
    "plddt": 90.50621032714844,
    "gpde": 0.4212097227573395,
    "ptm": 0.9064590334892273,
    "iptm": 0.0,
    "chain_gpde": [
        0.4212097227573395
    ],
    "chain_pair_gpde": [
        [
            0.0
        ]
    ],
    "chain_ptm": [
        0.9064590334892273
    ],
    "chain_iptm": [
        0.0
    ],
    "chain_pair_iptm": [
        [
            0.0
        ]
    ],
    "chain_pair_iptm_global": [
        [
            0.0
        ]
    ],
    "chain_plddt": [
        0.9050620794296265
    ],
    "chain_pair_plddt": [
        [
            0.0
        ]
    ],
    "has_clash": false,
    "disorder": 0.0,
    "ranking_score": 0.18129180371761322,
    "num_recycles": 10
}