{
    "plddt": 90.47952270507812,
    "gpde": 0.4216249883174896,
    "ptm": 0.9050257205963135,
    "iptm": 0.0,
    "chain_gpde": [
        0.4216249883174896
    ],
    "chain_pair_gpde": [
        [
            0.0
        ]
    ],
    "chain_ptm": [
        0.9050257205963135
    ],
    "chain_iptm": [
        0.0
    ],
    "chain_pair_iptm": [
        [
            0.0
        ]
    ],
    "chain_pair_iptm_global": [
        [
            0.0
        ]
    ],
    "chain_plddt": [
        0.904795229434967
    ],
    "chain_pair_plddt": [
        [
            0.0
        ]
    ],
    "has_clash": false,
    "disorder": 0.0,
    "ranking_score": 0.18100515007972717,
    "num_recycles": 10
}