{
    "plddt": 76.23226165771484,
    "gpde": 1.1575430631637573,
    "ptm": 0.7088696956634521,
    "iptm": 0.0,
    "chain_gpde": [
        1.1575430631637573
    ],
    "chain_pair_gpde": [
        [
            0.0
        ]
    ],
    "chain_ptm": [
        0.7088696956634521
    ],
    "chain_iptm": [
        0.0
    ],
    "chain_pair_iptm": [
        [
            0.0
        ]
    ],
    "chain_pair_iptm_global": [
        [
            0.0
        ]
    ],
    "chain_plddt": [
        0.7623226046562195
    ],
    "chain_pair_plddt": [
        [
            0.0
        ]
    ],
    "has_clash": false,
    "disorder": 0.0,
    "ranking_score": 0.14177393913269043,
    "num_recycles": 10
}