{
    "plddt": 78.2409896850586,
    "gpde": 1.1052348613739014,
    "ptm": 0.7602804899215698,
    "iptm": 0.0,
    "chain_gpde": [
        1.1052348613739014
    ],
    "chain_pair_gpde": [
        [
            0.0
        ]
    ],
    "chain_ptm": [
        0.7602804899215698
    ],
    "chain_iptm": [
        0.0
    ],
    "chain_pair_iptm": [
        [
            0.0
        ]
    ],
    "chain_pair_iptm_global": [
        [
            0.0
        ]
    ],
    "chain_plddt": [
        0.7824099063873291
    ],
    "chain_pair_plddt": [
        [
            0.0
        ]
    ],
    "has_clash": false,
    "disorder": 0.0,
    "ranking_score": 0.15205609798431396,
    "num_recycles": 10
}