{
    "plddt": 77.78849029541016,
    "gpde": 1.143078088760376,
    "ptm": 0.7575011849403381,
    "iptm": 0.0,
    "chain_gpde": [
        1.143078088760376
    ],
    "chain_pair_gpde": [
        [
            0.0
        ]
    ],
    "chain_ptm": [
        0.7575011849403381
    ],
    "chain_iptm": [
        0.0
    ],
    "chain_pair_iptm": [
        [
            0.0
        ]
    ],
    "chain_pair_iptm_global": [
        [
            0.0
        ]
    ],
    "chain_plddt": [
        0.7778849005699158
    ],
    "chain_pair_plddt": [
        [
            0.0
        ]
    ],
    "has_clash": false,
    "disorder": 0.0,
    "ranking_score": 0.15150023996829987,
    "num_recycles": 10
}