{
    "confidence_score": 0.8548847436904907,
    "ptm": 0.6638379693031311,
    "iptm": 0.0,
    "ligand_iptm": 0.0,
    "protein_iptm": 0.0,
    "complex_plddt": 0.9026463627815247,
    "complex_iplddt": 0.0,
    "complex_pde": 0.4864744544029236,
    "complex_ipde": 0.0,
    "chains_ptm": {
        "0": 0.6638379693031311
    },
    "pair_chains_iptm": {
        "0": {
            "0": 0.6638379693031311
        }
    }
}