{
    "confidence_score": 0.847445011138916,
    "ptm": 0.6347147226333618,
    "iptm": 0.0,
    "ligand_iptm": 0.0,
    "protein_iptm": 0.0,
    "complex_plddt": 0.9006275534629822,
    "complex_iplddt": 0.0,
    "complex_pde": 0.4879506826400757,
    "complex_ipde": 0.0,
    "chains_ptm": {
        "0": 0.6347147226333618
    },
    "pair_chains_iptm": {
        "0": {
            "0": 0.6347147226333618
        }
    }
}