{
    "confidence_score": 0.8570845723152161,
    "ptm": 0.6805840134620667,
    "iptm": 0.0,
    "ligand_iptm": 0.0,
    "protein_iptm": 0.0,
    "complex_plddt": 0.9012096524238586,
    "complex_iplddt": 0.0,
    "complex_pde": 0.48212894797325134,
    "complex_ipde": 0.0,
    "chains_ptm": {
        "0": 0.6805840134620667
    },
    "pair_chains_iptm": {
        "0": {
            "0": 0.6805840134620667
        }
    }
}