{
    "plddt": 92.93937683105469,
    "gpde": 0.3481932282447815,
    "ptm": 0.922062873840332,
    "iptm": 0.0,
    "chain_gpde": [
        0.3481932282447815
    ],
    "chain_pair_gpde": [
        [
            0.0
        ]
    ],
    "chain_ptm": [
        0.922062873840332
    ],
    "chain_iptm": [
        0.0
    ],
    "chain_pair_iptm": [
        [
            0.0
        ]
    ],
    "chain_pair_iptm_global": [
        [
            0.0
        ]
    ],
    "chain_plddt": [
        0.9293937683105469
    ],
    "chain_pair_plddt": [
        [
            0.0
        ]
    ],
    "has_clash": false,
    "disorder": 0.0,
    "ranking_score": 0.18441258370876312,
    "num_recycles": 10
}