{
    "plddt": 92.91227722167969,
    "gpde": 0.3491268754005432,
    "ptm": 0.9217178821563721,
    "iptm": 0.0,
    "chain_gpde": [
        0.3491268754005432
    ],
    "chain_pair_gpde": [
        [
            0.0
        ]
    ],
    "chain_ptm": [
        0.9217178821563721
    ],
    "chain_iptm": [
        0.0
    ],
    "chain_pair_iptm": [
        [
            0.0
        ]
    ],
    "chain_pair_iptm_global": [
        [
            0.0
        ]
    ],
    "chain_plddt": [
        0.9291227459907532
    ],
    "chain_pair_plddt": [
        [
            0.0
        ]
    ],
    "has_clash": false,
    "disorder": 0.0,
    "ranking_score": 0.18434357643127441,
    "num_recycles": 10
}