{
  "aggregate_score": 0.09434614330530167,
  "ptm": 0.47173070907592773,
  "iptm": 0.0,
  "per_chain_ptm": 0.47173070907592773,
  "per_chain_pair_iptm": 0.47173070907592773,
  "has_inter_chain_clashes": false,
  "chain_chain_clashes": 0
}