{
    "plddt": 87.32049560546875,
    "gpde": 0.462701678276062,
    "ptm": 0.6276159286499023,
    "iptm": 0.0,
    "chain_gpde": [
        0.462701678276062
    ],
    "chain_pair_gpde": [
        [
            0.0
        ]
    ],
    "chain_ptm": [
        0.6276159286499023
    ],
    "chain_iptm": [
        0.0
    ],
    "chain_pair_iptm": [
        [
            0.0
        ]
    ],
    "chain_pair_iptm_global": [
        [
            0.0
        ]
    ],
    "chain_plddt": [
        0.8732049465179443
    ],
    "chain_pair_plddt": [
        [
            0.0
        ]
    ],
    "has_clash": false,
    "disorder": 0.0,
    "ranking_score": 0.12552319467067719,
    "num_recycles": 10
}