{
    "plddt": 81.33988189697266,
    "gpde": 0.8577774167060852,
    "ptm": 0.7277951240539551,
    "iptm": 0.0,
    "chain_gpde": [
        0.8577774167060852
    ],
    "chain_pair_gpde": [
        [
            0.0
        ]
    ],
    "chain_ptm": [
        0.7277951240539551
    ],
    "chain_iptm": [
        0.0
    ],
    "chain_pair_iptm": [
        [
            0.0
        ]
    ],
    "chain_pair_iptm_global": [
        [
            0.0
        ]
    ],
    "chain_plddt": [
        0.8133988380432129
    ],
    "chain_pair_plddt": [
        [
            0.0
        ]
    ],
    "has_clash": false,
    "disorder": 0.0,
    "ranking_score": 0.14555902779102325,
    "num_recycles": 10
}