{
  "aggregate_score": 0.13573099672794342,
  "ptm": 0.6786549687385559,
  "iptm": 0.0,
  "per_chain_ptm": 0.6786549687385559,
  "per_chain_pair_iptm": 0.6786549687385559,
  "has_inter_chain_clashes": false,
  "chain_chain_clashes": 0
}